scenario,baseline,metric,pct_reduction_mean,pct_reduction_ci_lo,pct_reduction_ci_hi,wilcoxon_stat,p_raw,cohens_dz,n_pairs,p_holm
balanced,fixed,fuel_per_vehicle_L,8.606437261931198,8.22501997578311,8.997435659549451,0.0,1.862645149230957e-09,-7.0527159104635775,30,4.470348358154297e-08
balanced,webster,fuel_per_vehicle_L,8.372638519071213,7.911496707770846,8.845120249291378,0.0,1.862645149230957e-09,-5.948675441043406,30,4.470348358154297e-08
balanced,actuated,fuel_per_vehicle_L,5.568999677955952,5.243034845771528,5.8915446010143,0.0,1.862645149230957e-09,-5.8453700667197435,30,4.470348358154297e-08
balanced,maxpressure,fuel_per_vehicle_L,1.2464897852308818,0.9013821784450952,1.6042686586056192,14.0,2.0489096641540527e-07,-1.24560953076675,30,1.434236764907837e-06
balanced,ours_count,fuel_per_vehicle_L,0.5985703270845827,0.2767632644941931,0.9435359238622452,84.0,0.0015832837671041489,-0.6289366065053987,30,0.004749851301312447
balanced,rl_ppo,fuel_per_vehicle_L,8.372638519071213,7.911496707770846,8.845120249291378,0.0,1.862645149230957e-09,-5.948675441043406,30,4.470348358154297e-08
dynamic,fixed,fuel_per_vehicle_L,16.50048788855564,15.72146557801056,17.30676814742321,0.0,1.862645149230957e-09,-5.888636451377543,30,4.470348358154297e-08
dynamic,webster,fuel_per_vehicle_L,24.791649131395307,22.33209281901633,27.983819890139312,0.0,1.862645149230957e-09,-1.5746601527614676,30,4.470348358154297e-08
dynamic,actuated,fuel_per_vehicle_L,8.900991227617872,8.493989851652335,9.300141794819098,0.0,1.862645149230957e-09,-7.549307277595558,30,4.470348358154297e-08
dynamic,maxpressure,fuel_per_vehicle_L,0.6243224943541966,0.2195862734924203,1.0281032008468056,105.0,0.007612137123942375,-0.5393175667910612,30,0.008063588291406631
dynamic,ours_count,fuel_per_vehicle_L,0.5902583727085735,0.25802451291094725,0.9545539302825108,96.0,0.004031794145703316,-0.5971896597375979,30,0.008063588291406631
dynamic,rl_ppo,fuel_per_vehicle_L,30.16427544942934,28.034598868240916,32.3621008336314,0.0,1.862645149230957e-09,-3.101665757754099,30,4.470348358154297e-08
low_demand,fixed,fuel_per_vehicle_L,14.458181031777709,13.983862977178838,14.907851787963828,0.0,1.862645149230957e-09,-9.798921330732258,30,4.470348358154297e-08
low_demand,webster,fuel_per_vehicle_L,12.740994281836159,12.153579539433963,13.35798974627744,0.0,1.862645149230957e-09,-6.6606805721796665,30,4.470348358154297e-08
low_demand,actuated,fuel_per_vehicle_L,11.841654044188093,11.236058187148297,12.438439651612127,0.0,1.862645149230957e-09,-6.372971777942299,30,4.470348358154297e-08
low_demand,maxpressure,fuel_per_vehicle_L,1.8171566377518857,1.2576523075230057,2.3572531481389625,22.0,9.98377799987793e-07,-1.1763478515198342,30,4.163011908531189e-06
low_demand,ours_count,fuel_per_vehicle_L,2.5737997260506584,2.1036311184990266,3.025167491273004,2.0,5.587935447692871e-09,-1.8842597386320457,30,4.470348358154297e-08
low_demand,rl_ppo,fuel_per_vehicle_L,12.740994281836159,12.153579539433963,13.35798974627744,0.0,1.862645149230957e-09,-6.6606805721796665,30,4.470348358154297e-08
peak_unbalanced,fixed,fuel_per_vehicle_L,21.759596013455283,20.048127006637706,23.538508826993734,0.0,1.862645149230957e-09,-3.2157392624242576,30,4.470348358154297e-08
peak_unbalanced,webster,fuel_per_vehicle_L,11.253630375938805,10.88262933934426,11.636875434332934,0.0,1.862645149230957e-09,-9.177513788034961,30,4.470348358154297e-08
peak_unbalanced,actuated,fuel_per_vehicle_L,9.674307325258196,9.372100208727032,9.984952430448063,0.0,1.862645149230957e-09,-10.063752782826539,30,4.470348358154297e-08
peak_unbalanced,maxpressure,fuel_per_vehicle_L,1.1530420694870631,0.8202114538302343,1.4933350073740532,17.0,3.855675458908081e-07,-1.190567295515562,30,2.3134052753448486e-06
peak_unbalanced,ours_count,fuel_per_vehicle_L,1.2799103048539493,0.9014999854458132,1.6462369633838319,21.0,8.326023817062378e-07,-1.1811171873583437,30,4.163011908531189e-06
peak_unbalanced,rl_ppo,fuel_per_vehicle_L,53.33048893388155,50.64728254812267,55.88449892561049,0.0,1.862645149230957e-09,-3.252683289976593,30,4.470348358154297e-08
