scenario,controller,n,fuel_per_vehicle_L_mean,fuel_per_vehicle_L_std,total_CO2_kg_mean,total_CO2_kg_std,mean_waiting_s_mean,mean_waiting_s_std,p95_waiting_s_mean,p95_waiting_s_std,mean_queue_veh_mean,mean_queue_veh_std,n_completed_mean,n_completed_std,n_unfinished_mean,n_unfinished_std,gridlock_flag_mean,gridlock_flag_std,ssm_conflicts_mean,ssm_conflicts_std
balanced,fixed,5,0.14191865440464338,0.003713887323618553,685.8370552727163,31.198442013742145,30.027722802466933,1.2680615717133874,73.8,4.43846820423443,15.333049829342196,0.9253312484915575,1932.2,37.33229165213408,0.0,0.0,0.0,0.0,2992.0,126.4930828148322
balanced,fixed_tuned,5,0.14135944699109562,0.002833769150439958,683.3032290564275,26.287003581373664,28.727443436184256,0.5594746716071464,67.2,0.4472135954999579,14.933262180687098,0.49268779918373123,1932.2,37.33229165213408,0.0,0.0,0.0,0.0,3069.2,151.75869003124663
balanced,actuated,5,0.1372301215685639,0.0017755613304245579,663.1232011734389,21.156086070025655,26.104748249425306,0.44598817708702065,62.2,0.8366600265340756,13.632463993151484,0.354021583386611,1932.2,37.33229165213408,0.0,0.0,0.0,0.0,2928.8,133.61773834338015
balanced,webster,5,0.1434426111579306,0.0028179077264152723,693.5871053072017,27.185586481545208,28.867082707612393,0.44862932382743115,61.0,0.7071067811865476,15.025671619830012,0.4579580553066413,1932.2,37.33229165213408,0.0,0.0,0.0,0.0,3266.8,116.07626803098039
balanced,queue_pressure,5,0.13100342668151577,0.001790252209738036,633.4892067007567,20.78784795648109,21.365058099329076,0.44895294081255577,77.2,3.3466401061363023,11.135323333961933,0.24516654419181858,1932.2,37.33229165213408,0.0,0.0,0.0,0.0,2538.8,101.0801662048495
balanced,maxpressure,5,0.13100342668151577,0.001790252209738036,633.4892067007567,20.78784795648109,21.365058099329076,0.44895294081255577,77.2,3.3466401061363023,11.135323333961932,0.24516654419181858,1932.2,37.33229165213408,0.0,0.0,0.0,0.0,2538.8,101.0801662048495
balanced,ours_count,5,0.13108924483574677,0.002163442116142875,633.9276002198492,21.56106303744634,21.34277698854323,0.43624482595700304,78.0,2.5495097567963922,11.109447497216694,0.3068486678889244,1932.2,37.33229165213408,0.0,0.0,0.0,0.0,2546.8,94.70586043112642
balanced,XtraFlow,5,0.1306123166840188,0.0017711022774412526,631.0693044006065,21.579156138491605,21.78825388906524,0.424012385610592,73.4,1.3416407864998738,11.350181745915407,0.34827296717655964,1932.2,37.33229165213408,0.0,0.0,0.0,0.0,2591.6,82.0658272364326
peak_unbalanced,fixed,5,0.15116177074641876,0.005913131229460642,679.4311046038171,26.947849382184014,36.95261444852984,3.3983572409402454,110.2,27.362382937163932,17.457487412467625,1.4634728876527068,1801.4,21.243822631532208,0.0,0.0,0.0,0.0,3125.8,96.92110193347989
peak_unbalanced,fixed_tuned,5,0.13785817552260626,0.0036698467465536475,619.9905172865386,12.093909430364215,28.141037273039434,1.2218238234517045,77.6,2.073644135332772,13.602186084261053,0.5596784606966798,1801.4,21.243822631532208,0.0,0.0,0.0,0.0,2728.0,56.95173395077625
peak_unbalanced,actuated,5,0.13611024788228693,0.0019069488717199214,612.8559650736845,9.244157536070306,25.320776074895566,0.9203036922651936,61.4,0.5477225575051661,12.31395354386158,0.5380972151339469,1801.4,21.243822631532208,0.0,0.0,0.0,0.0,2792.4,102.47829038386618
peak_unbalanced,webster,5,0.13824267380910885,0.002462119997576054,622.2584533454124,7.336371393250941,26.41791281930091,0.5175381373255467,61.8,1.0954451150103321,12.841377423805287,0.26367575227386403,1801.4,21.243822631532208,0.0,0.0,0.0,0.0,2920.2,136.02279220777672
peak_unbalanced,queue_pressure,5,0.12540405283175549,0.0029232853697659057,564.6746260137444,7.846948674425975,18.111520997981863,0.7797733624640658,68.8,4.08656334834051,8.822766337855176,0.28575291769023303,1801.4,21.243822631532208,0.0,0.0,0.0,0.0,2208.4,29.74558790812513
peak_unbalanced,maxpressure,5,0.12540405283175549,0.0029232853697659057,564.6746260137444,7.846948674425975,18.111520997981863,0.7797733624640658,68.8,4.08656334834051,8.822766337855176,0.28575291769023303,1801.4,21.243822631532208,0.0,0.0,0.0,0.0,2208.4,29.74558790812513
peak_unbalanced,ours_count,5,0.12560345804026812,0.0027191323011410543,565.7146868767504,7.023581991962701,18.226484007193648,0.50700347038491,70.0,2.5495097567963922,8.880256783296,0.1799103882471887,1801.4,21.243822631532208,0.0,0.0,0.0,0.0,2168.0,62.81719509815764
peak_unbalanced,XtraFlow,5,0.12454253850052995,0.0035148108056978064,560.1852032527993,11.514107300511267,18.372183628082706,0.7744632233416427,70.6,1.816590212458495,8.95535328314395,0.35617429318349897,1801.4,21.243822631532208,0.0,0.0,0.0,0.0,2244.4,65.24032495320665
dynamic,fixed,5,0.14390353931418345,0.00298722749230446,631.5487619727892,22.196286456704936,32.18618091761723,1.1261786636579356,81.4,6.107372593840988,15.149649583021418,0.5784186396216867,1757.2,29.201027379186506,0.0,0.0,0.0,0.0,2874.2,106.51619595160166
dynamic,fixed_tuned,5,0.15054176192209204,0.002968401030778259,660.4326141735962,22.043646457448904,36.906751381627316,2.3680977330698734,99.0,8.0,17.334925643896362,0.9943547218046366,1757.2,29.201027379186506,0.0,0.0,0.0,0.0,2977.2,78.61742809326695
dynamic,actuated,5,0.1364299329750279,0.0034889926555741226,599.2606830562044,26.293180228376848,25.8703328682147,0.6324160885005841,61.2,1.0954451150103321,12.316865095299008,0.3897386034054244,1757.2,29.201027379186506,0.0,0.0,0.0,0.0,2766.4,95.59445590618736
dynamic,webster,5,0.15100191471879348,0.005121995957112614,663.0155719295987,34.13322964126498,34.74269488034953,2.04245637063608,83.8,13.367871932360812,16.43519546845239,1.1692602295337422,1757.2,29.201027379186506,0.0,0.0,0.0,0.0,3244.8,189.9702608304784
dynamic,queue_pressure,5,0.12623189089700815,0.003170474416560751,554.9932153631519,23.30844864887093,18.55894734439496,0.3102733904112694,68.2,3.1144823004794877,8.823220272777704,0.23784039954352487,1757.2,29.201027379186506,0.0,0.0,0.0,0.0,2139.6,70.54289475205847
dynamic,maxpressure,5,0.12623189089700815,0.003170474416560751,554.9932153631519,23.30844864887093,18.55894734439496,0.3102733904112694,68.2,3.1144823004794877,8.823220272777704,0.23784039954352487,1757.2,29.201027379186506,0.0,0.0,0.0,0.0,2139.6,70.54289475205847
dynamic,ours_count,5,0.12502241347167553,0.0033337472781421306,549.2214774285133,23.40246206342121,18.43121636907797,0.5921618696333502,68.8,4.919349550499538,8.7441343398391,0.32187965535090257,1757.2,29.201027379186506,0.0,0.0,0.0,0.0,2102.8,70.67672884337532
dynamic,XtraFlow,5,0.12485297657079739,0.0032559054108458963,548.0531245683757,23.846633998873,18.809994273690887,0.3327516610637661,70.6,1.816590212458495,8.94317255290263,0.17576696351780527,1757.2,29.201027379186506,0.0,0.0,0.0,0.0,2139.2,108.0772871606241
low_demand,fixed,5,0.1363288851309704,0.005358274427151345,205.463774430719,9.079159521754379,27.222536798586805,1.4449398701242175,69.0,1.224744871391589,4.441587128144809,0.23088112751167736,602.8,30.326556019436165,0.0,0.0,0.0,0.0,417.6,60.62012867026925
low_demand,fixed_tuned,5,0.13311777916252815,0.004865604880293181,200.78126421739552,12.277522435643775,24.54148096434378,1.1647806949771724,60.0,1.0,4.021376409912559,0.37965606415487135,602.8,30.326556019436165,0.0,0.0,0.0,0.0,382.8,59.642266891861176
low_demand,actuated,5,0.13108369110354018,0.00570022846336885,197.74629547447884,13.779670691782044,23.174771010738247,1.0339518367002478,56.4,0.5477225575051661,3.786334318009395,0.31768920681756757,602.8,30.326556019436165,0.0,0.0,0.0,0.0,397.0,54.17564028232615
low_demand,webster,5,0.1325377899783551,0.0038856125445399297,199.774524427867,9.718252429692168,24.041607034219005,0.9216827730548639,57.6,0.5477225575051661,3.9394476803096565,0.29800826927053203,602.8,30.326556019436165,0.0,0.0,0.0,0.0,394.0,61.36774397026503
low_demand,queue_pressure,5,0.11935617637409848,0.005814934124327428,179.98559369250412,10.188577107657599,15.228706334736973,1.0528807317873625,57.6,7.63544366752843,2.5007944681810668,0.21263826732283597,602.8,30.326556019436165,0.0,0.0,0.0,0.0,238.0,48.35286961494633
low_demand,maxpressure,5,0.11935617637409848,0.005814934124327428,179.9855936925041,10.188577107657599,15.228706334736973,1.0528807317873625,57.6,7.63544366752843,2.5007944681810668,0.21263826732283597,602.8,30.326556019436165,0.0,0.0,0.0,0.0,238.0,48.35286961494633
low_demand,ours_count,5,0.11950977912653367,0.005979202247987505,180.20774954760063,10.306645062542366,15.35184213051933,1.0527721704334974,58.4,7.956129712366435,2.5201723559581097,0.2024327465603967,602.8,30.326556019436165,0.0,0.0,0.0,0.0,237.2,49.57015230963085
low_demand,XtraFlow,5,0.11702043016586436,0.004604508376803432,175.99181983366603,10.08361211398601,16.16928465271636,0.6670174543356967,59.4,1.1401754250991378,2.6547103089956634,0.23351019235755563,602.8,30.326556019436165,0.0,0.0,0.0,0.0,234.0,38.704004960727254
