scenario,baseline,metric,pct_reduction_mean,pct_reduction_ci_lo,pct_reduction_ci_hi,n_pairs
balanced,fixed,mean_waiting_s,27.34317740844559,24.737817849468343,29.705871652243626,5
balanced,fixed,p95_waiting_s,0.18401316992866246,-5.368209255533199,6.171940735321017,5
balanced,fixed_tuned,mean_waiting_s,24.12328577086531,21.967647077848707,25.629454091378193,5
balanced,fixed_tuned,p95_waiting_s,-9.236172080772608,-11.044776119402986,-7.111501316944688,5
balanced,webster,mean_waiting_s,24.520293195864006,23.795912888847575,25.421555096672808,5
balanced,webster,p95_waiting_s,-20.35148951172219,-22.775956284153004,-17.874140666314116,5
balanced,actuated,mean_waiting_s,16.518837552937505,15.3237403049694,18.321550912725876,5
balanced,actuated,p95_waiting_s,-18.030856269883238,-20.403750430191465,-15.65796210957501,5
balanced,queue_pressure,mean_waiting_s,-2.0015273130274176,-3.3863794488216405,-0.1850704553724901,5
balanced,queue_pressure,p95_waiting_s,4.7201644626302155,0.21666370159520848,9.223665223665224,5
balanced,maxpressure,mean_waiting_s,-2.0015273130274176,-3.3863794488216405,-0.1850704553724901,5
balanced,maxpressure,p95_waiting_s,4.7201644626302155,0.21666370159520848,9.223665223665224,5
balanced,ours_count,mean_waiting_s,-2.135368816189239,-4.875382852390489,0.3885349456204061,5
balanced,ours_count,p95_waiting_s,5.774179037336932,2.078272604588394,9.47008547008547,5
dynamic,fixed,mean_waiting_s,41.48508664170089,39.378270668956326,43.53894161438102,5
dynamic,fixed,p95_waiting_s,12.837528683559157,6.015823257202567,17.666399358460303,5
dynamic,fixed_tuned,mean_waiting_s,48.86598868579255,46.05231355185829,51.435790379779675,5
dynamic,fixed_tuned,p95_waiting_s,28.408365193926556,25.042599368632516,32.239804337576615,5
dynamic,webster,mean_waiting_s,45.707402810298696,42.96524154147533,48.17240020583856,5
dynamic,webster,p95_waiting_s,14.09878401464162,4.2600695934029265,23.99015573772856,5
dynamic,actuated,mean_waiting_s,27.26968995064786,26.183890812064952,28.5766768686879,5
dynamic,actuated,p95_waiting_s,-15.408014571948996,-18.50273224043716,-12.313296903460836,5
dynamic,queue_pressure,mean_waiting_s,-1.3635536606226326,-2.4955375301092837,0.1580504764419266,5
dynamic,queue_pressure,p95_waiting_s,-3.73820872328335,-8.431409386633268,1.4871794871794868,5
dynamic,maxpressure,mean_waiting_s,-1.3635536606226326,-2.4955375301092837,0.1580504764419266,5
dynamic,maxpressure,p95_waiting_s,-3.73820872328335,-8.431409386633268,1.4871794871794868,5
dynamic,ours_count,mean_waiting_s,-2.118195558841058,-4.322411681497863,0.3635626490953669,5
dynamic,ours_count,p95_waiting_s,-3.0602546021945978,-9.39274536105522,3.272236156666023,5
low_demand,fixed,mean_waiting_s,40.415170420229465,36.374870902707876,44.00970560043818,5
low_demand,fixed,p95_waiting_s,13.887528066952438,11.973572037510655,15.648091447234128,5
low_demand,fixed_tuned,mean_waiting_s,34.03355584236519,32.28888044993852,36.903624463134726,5
low_demand,fixed_tuned,p95_waiting_s,0.977956839862925,-0.6779661016949152,2.9508196721311477,5
low_demand,webster,mean_waiting_s,32.629966103181644,29.31937751993966,35.927830756304644,5
low_demand,webster,p95_waiting_s,-3.139745916515426,-5.245009074410163,-1.379310344827586,5
low_demand,actuated,mean_waiting_s,30.194013345872662,28.3162098754936,31.824410366797867,5
low_demand,actuated,p95_waiting_s,-5.31328320802005,-6.334586466165414,-4.285714285714285,5
low_demand,queue_pressure,mean_waiting_s,-6.422419062372796,-10.483767343628777,-2.1632553129518906,5
low_demand,queue_pressure,p95_waiting_s,-4.4045425944927015,-13.686813186813186,5.2760924392784725,5
low_demand,maxpressure,mean_waiting_s,-6.422419062372796,-10.483767343628777,-2.1632553129518906,5
low_demand,maxpressure,p95_waiting_s,-4.4045425944927015,-13.686813186813186,5.2760924392784725,5
low_demand,ours_count,mean_waiting_s,-5.57969142562455,-9.958428044598204,-1.200954806650898,5
low_demand,ours_count,p95_waiting_s,-3.0805260313457037,-13.230769230769232,6.454332552693208,5
peak_unbalanced,fixed,mean_waiting_s,49.862719937207935,45.18726028029741,54.10967767900684,5
peak_unbalanced,fixed,p95_waiting_s,33.01693692332052,21.899614587381787,44.13425925925926,5
peak_unbalanced,fixed_tuned,mean_waiting_s,34.57617942708468,31.1479915304474,38.00436732372198,5
peak_unbalanced,fixed_tuned,p95_waiting_s,8.977594854787837,6.754123069912543,11.569200779727096,5
peak_unbalanced,webster,mean_waiting_s,30.47459080467585,28.87879385006367,31.660404073753472,5
peak_unbalanced,webster,p95_waiting_s,-14.238875878220142,-15.857403070517822,-12.599531615925057,5
peak_unbalanced,actuated,mean_waiting_s,27.356723176421685,23.672170696917714,30.217314701693397,5
peak_unbalanced,actuated,p95_waiting_s,-14.976203067160231,-16.604970914859862,-13.114754098360654,5
peak_unbalanced,queue_pressure,mean_waiting_s,-1.5203867667842375,-4.908733781807674,1.8679602482392004,5
peak_unbalanced,queue_pressure,p95_waiting_s,-3.0199325124698246,-10.095238095238095,3.683628191090878,5
peak_unbalanced,maxpressure,mean_waiting_s,-1.5203867667842375,-4.908733781807674,1.8679602482392004,5
peak_unbalanced,maxpressure,p95_waiting_s,-3.0199325124698246,-10.095238095238095,3.683628191090878,5
peak_unbalanced,ours_count,mean_waiting_s,-0.8145075728157952,-3.544168671877182,2.099916793665784,5
peak_unbalanced,ours_count,p95_waiting_s,-1.0104412155851226,-5.80842101356492,2.523474178403756,5
