scenario,controller,seed,emission_model,n_departed,n_completed,total_fuel_L,fuel_per_vehicle_L,fuel_per_person_L,total_CO2_kg,mean_waiting_s,mean_timeLoss_s,person_delay_s,mean_travel_time_s,stops_per_vehicle,idle_vehicle_seconds,mean_queue_veh,max_queue_veh,fuel_L_by_type,ssm_conflicts,gridlock_flag,wall_time_s
balanced,maxpressure,19,primary,0,0,nan,nan,nan,nan,nan,nan,nan,nan,nan,nan,nan,nan,{},-1,1,-1
balanced,maxpressure,20,primary,0,0,nan,nan,nan,nan,nan,nan,nan,nan,nan,nan,nan,nan,{},-1,1,-1
balanced,maxpressure,21,primary,0,0,nan,nan,nan,nan,nan,nan,nan,nan,nan,nan,nan,nan,{},-1,1,-1
balanced,maxpressure,22,primary,0,0,nan,nan,nan,nan,nan,nan,nan,nan,nan,nan,nan,nan,{},-1,1,-1
balanced,maxpressure,23,primary,0,0,nan,nan,nan,nan,nan,nan,nan,nan,nan,nan,nan,nan,{},-1,1,-1
balanced,maxpressure,24,primary,0,0,nan,nan,nan,nan,nan,nan,nan,nan,nan,nan,nan,nan,{},-1,1,-1
balanced,maxpressure,25,primary,0,0,nan,nan,nan,nan,nan,nan,nan,nan,nan,nan,nan,nan,{},-1,1,-1
balanced,maxpressure,26,primary,0,0,nan,nan,nan,nan,nan,nan,nan,nan,nan,nan,nan,nan,{},-1,1,-1
balanced,maxpressure,27,primary,0,0,nan,nan,nan,nan,nan,nan,nan,nan,nan,nan,nan,nan,{},-1,1,-1
balanced,maxpressure,28,primary,0,0,nan,nan,nan,nan,nan,nan,nan,nan,nan,nan,nan,nan,{},-1,1,-1
balanced,maxpressure,29,primary,0,0,nan,nan,nan,nan,nan,nan,nan,nan,nan,nan,nan,nan,{},-1,1,-1
balanced,maxpressure,30,primary,0,0,nan,nan,nan,nan,nan,nan,nan,nan,nan,nan,nan,nan,{},-1,1,-1
balanced,ours_count,1,primary,0,0,nan,nan,nan,nan,nan,nan,nan,nan,nan,nan,nan,nan,{},-1,1,-1
balanced,ours_count,2,primary,0,0,nan,nan,nan,nan,nan,nan,nan,nan,nan,nan,nan,nan,{},-1,1,-1
balanced,ours_count,3,primary,0,0,nan,nan,nan,nan,nan,nan,nan,nan,nan,nan,nan,nan,{},-1,1,-1
balanced,ours_count,4,primary,0,0,nan,nan,nan,nan,nan,nan,nan,nan,nan,nan,nan,nan,{},-1,1,-1
balanced,ours_count,5,primary,0,0,nan,nan,nan,nan,nan,nan,nan,nan,nan,nan,nan,nan,{},-1,1,-1
balanced,ours_count,6,primary,0,0,nan,nan,nan,nan,nan,nan,nan,nan,nan,nan,nan,nan,{},-1,1,-1
balanced,ours_count,7,primary,0,0,nan,nan,nan,nan,nan,nan,nan,nan,nan,nan,nan,nan,{},-1,1,-1
balanced,ours_count,8,primary,0,0,nan,nan,nan,nan,nan,nan,nan,nan,nan,nan,nan,nan,{},-1,1,-1
balanced,ours_count,9,primary,0,0,nan,nan,nan,nan,nan,nan,nan,nan,nan,nan,nan,nan,{},-1,1,-1
balanced,ours_count,10,primary,0,0,nan,nan,nan,nan,nan,nan,nan,nan,nan,nan,nan,nan,{},-1,1,-1
balanced,ours_count,11,primary,0,0,nan,nan,nan,nan,nan,nan,nan,nan,nan,nan,nan,nan,{},-1,1,-1
balanced,ours_count,12,primary,0,0,nan,nan,nan,nan,nan,nan,nan,nan,nan,nan,nan,nan,{},-1,1,-1
balanced,ours_count,13,primary,0,0,nan,nan,nan,nan,nan,nan,nan,nan,nan,nan,nan,nan,{},-1,1,-1
balanced,ours_count,14,primary,0,0,nan,nan,nan,nan,nan,nan,nan,nan,nan,nan,nan,nan,{},-1,1,-1
balanced,ours_count,15,primary,0,0,nan,nan,nan,nan,nan,nan,nan,nan,nan,nan,nan,nan,{},-1,1,-1
balanced,ours_count,16,primary,0,0,nan,nan,nan,nan,nan,nan,nan,nan,nan,nan,nan,nan,{},-1,1,-1
balanced,ours_count,17,primary,0,0,nan,nan,nan,nan,nan,nan,nan,nan,nan,nan,nan,nan,{},-1,1,-1
balanced,ours_count,18,primary,0,0,nan,nan,nan,nan,nan,nan,nan,nan,nan,nan,nan,nan,{},-1,1,-1
balanced,ours_count,19,primary,0,0,nan,nan,nan,nan,nan,nan,nan,nan,nan,nan,nan,nan,{},-1,1,-1
balanced,ours_count,20,primary,0,0,nan,nan,nan,nan,nan,nan,nan,nan,nan,nan,nan,nan,{},-1,1,-1
balanced,ours_count,21,primary,0,0,nan,nan,nan,nan,nan,nan,nan,nan,nan,nan,nan,nan,{},-1,1,-1
balanced,ours_count,22,primary,0,0,nan,nan,nan,nan,nan,nan,nan,nan,nan,nan,nan,nan,{},-1,1,-1
balanced,ours_count,23,primary,0,0,nan,nan,nan,nan,nan,nan,nan,nan,nan,nan,nan,nan,{},-1,1,-1
balanced,ours_count,24,primary,0,0,nan,nan,nan,nan,nan,nan,nan,nan,nan,nan,nan,nan,{},-1,1,-1
balanced,ours_count,25,primary,0,0,nan,nan,nan,nan,nan,nan,nan,nan,nan,nan,nan,nan,{},-1,1,-1
balanced,ours_count,26,primary,0,0,nan,nan,nan,nan,nan,nan,nan,nan,nan,nan,nan,nan,{},-1,1,-1
balanced,ours_count,27,primary,0,0,nan,nan,nan,nan,nan,nan,nan,nan,nan,nan,nan,nan,{},-1,1,-1
balanced,ours_count,28,primary,0,0,nan,nan,nan,nan,nan,nan,nan,nan,nan,nan,nan,nan,{},-1,1,-1
balanced,ours_count,29,primary,0,0,nan,nan,nan,nan,nan,nan,nan,nan,nan,nan,nan,nan,{},-1,1,-1
balanced,ours_count,30,primary,0,0,nan,nan,nan,nan,nan,nan,nan,nan,nan,nan,nan,nan,{},-1,1,-1
balanced,ours_fuel,1,primary,0,0,nan,nan,nan,nan,nan,nan,nan,nan,nan,nan,nan,nan,{},-1,1,-1
balanced,ours_fuel,2,primary,0,0,nan,nan,nan,nan,nan,nan,nan,nan,nan,nan,nan,nan,{},-1,1,-1
balanced,ours_fuel,3,primary,0,0,nan,nan,nan,nan,nan,nan,nan,nan,nan,nan,nan,nan,{},-1,1,-1
balanced,ours_fuel,4,primary,0,0,nan,nan,nan,nan,nan,nan,nan,nan,nan,nan,nan,nan,{},-1,1,-1
balanced,ours_fuel,5,primary,0,0,nan,nan,nan,nan,nan,nan,nan,nan,nan,nan,nan,nan,{},-1,1,-1
balanced,ours_fuel,6,primary,0,0,nan,nan,nan,nan,nan,nan,nan,nan,nan,nan,nan,nan,{},-1,1,-1
balanced,ours_fuel,7,primary,0,0,nan,nan,nan,nan,nan,nan,nan,nan,nan,nan,nan,nan,{},-1,1,-1
balanced,ours_fuel,8,primary,0,0,nan,nan,nan,nan,nan,nan,nan,nan,nan,nan,nan,nan,{},-1,1,-1
balanced,ours_fuel,9,primary,0,0,nan,nan,nan,nan,nan,nan,nan,nan,nan,nan,nan,nan,{},-1,1,-1
balanced,ours_fuel,10,primary,0,0,nan,nan,nan,nan,nan,nan,nan,nan,nan,nan,nan,nan,{},-1,1,-1
balanced,ours_fuel,11,primary,0,0,nan,nan,nan,nan,nan,nan,nan,nan,nan,nan,nan,nan,{},-1,1,-1
balanced,ours_fuel,12,primary,0,0,nan,nan,nan,nan,nan,nan,nan,nan,nan,nan,nan,nan,{},-1,1,-1
balanced,ours_fuel,13,primary,0,0,nan,nan,nan,nan,nan,nan,nan,nan,nan,nan,nan,nan,{},-1,1,-1
balanced,ours_fuel,14,primary,0,0,nan,nan,nan,nan,nan,nan,nan,nan,nan,nan,nan,nan,{},-1,1,-1
balanced,ours_fuel,15,primary,0,0,nan,nan,nan,nan,nan,nan,nan,nan,nan,nan,nan,nan,{},-1,1,-1
balanced,ours_fuel,16,primary,0,0,nan,nan,nan,nan,nan,nan,nan,nan,nan,nan,nan,nan,{},-1,1,-1
balanced,ours_fuel,17,primary,0,0,nan,nan,nan,nan,nan,nan,nan,nan,nan,nan,nan,nan,{},-1,1,-1
balanced,ours_fuel,18,primary,0,0,nan,nan,nan,nan,nan,nan,nan,nan,nan,nan,nan,nan,{},-1,1,-1
balanced,ours_fuel,19,primary,0,0,nan,nan,nan,nan,nan,nan,nan,nan,nan,nan,nan,nan,{},-1,1,-1
balanced,ours_fuel,20,primary,0,0,nan,nan,nan,nan,nan,nan,nan,nan,nan,nan,nan,nan,{},-1,1,-1
balanced,ours_fuel,21,primary,0,0,nan,nan,nan,nan,nan,nan,nan,nan,nan,nan,nan,nan,{},-1,1,-1
balanced,ours_fuel,22,primary,0,0,nan,nan,nan,nan,nan,nan,nan,nan,nan,nan,nan,nan,{},-1,1,-1
balanced,ours_fuel,23,primary,0,0,nan,nan,nan,nan,nan,nan,nan,nan,nan,nan,nan,nan,{},-1,1,-1
balanced,ours_fuel,24,primary,0,0,nan,nan,nan,nan,nan,nan,nan,nan,nan,nan,nan,nan,{},-1,1,-1
balanced,ours_fuel,25,primary,0,0,nan,nan,nan,nan,nan,nan,nan,nan,nan,nan,nan,nan,{},-1,1,-1
balanced,ours_fuel,26,primary,0,0,nan,nan,nan,nan,nan,nan,nan,nan,nan,nan,nan,nan,{},-1,1,-1
balanced,ours_fuel,27,primary,0,0,nan,nan,nan,nan,nan,nan,nan,nan,nan,nan,nan,nan,{},-1,1,-1
balanced,ours_fuel,28,primary,0,0,nan,nan,nan,nan,nan,nan,nan,nan,nan,nan,nan,nan,{},-1,1,-1
balanced,ours_fuel,29,primary,0,0,nan,nan,nan,nan,nan,nan,nan,nan,nan,nan,nan,nan,{},-1,1,-1
balanced,ours_fuel,30,primary,0,0,nan,nan,nan,nan,nan,nan,nan,nan,nan,nan,nan,nan,{},-1,1,-1
peak_unbalanced,fixed,1,primary,0,0,nan,nan,nan,nan,nan,nan,nan,nan,nan,nan,nan,nan,{},-1,1,-1
peak_unbalanced,fixed,2,primary,0,0,nan,nan,nan,nan,nan,nan,nan,nan,nan,nan,nan,nan,{},-1,1,-1
peak_unbalanced,fixed,3,primary,0,0,nan,nan,nan,nan,nan,nan,nan,nan,nan,nan,nan,nan,{},-1,1,-1
peak_unbalanced,fixed,4,primary,0,0,nan,nan,nan,nan,nan,nan,nan,nan,nan,nan,nan,nan,{},-1,1,-1
peak_unbalanced,fixed,5,primary,0,0,nan,nan,nan,nan,nan,nan,nan,nan,nan,nan,nan,nan,{},-1,1,-1
peak_unbalanced,fixed,6,primary,0,0,nan,nan,nan,nan,nan,nan,nan,nan,nan,nan,nan,nan,{},-1,1,-1
peak_unbalanced,fixed,7,primary,0,0,nan,nan,nan,nan,nan,nan,nan,nan,nan,nan,nan,nan,{},-1,1,-1
peak_unbalanced,fixed,8,primary,0,0,nan,nan,nan,nan,nan,nan,nan,nan,nan,nan,nan,nan,{},-1,1,-1
peak_unbalanced,fixed,9,primary,0,0,nan,nan,nan,nan,nan,nan,nan,nan,nan,nan,nan,nan,{},-1,1,-1
peak_unbalanced,fixed,10,primary,0,0,nan,nan,nan,nan,nan,nan,nan,nan,nan,nan,nan,nan,{},-1,1,-1
peak_unbalanced,fixed,11,primary,0,0,nan,nan,nan,nan,nan,nan,nan,nan,nan,nan,nan,nan,{},-1,1,-1
peak_unbalanced,fixed,12,primary,0,0,nan,nan,nan,nan,nan,nan,nan,nan,nan,nan,nan,nan,{},-1,1,-1
peak_unbalanced,fixed,13,primary,0,0,nan,nan,nan,nan,nan,nan,nan,nan,nan,nan,nan,nan,{},-1,1,-1
peak_unbalanced,fixed,14,primary,0,0,nan,nan,nan,nan,nan,nan,nan,nan,nan,nan,nan,nan,{},-1,1,-1
peak_unbalanced,fixed,15,primary,0,0,nan,nan,nan,nan,nan,nan,nan,nan,nan,nan,nan,nan,{},-1,1,-1
peak_unbalanced,fixed,16,primary,0,0,nan,nan,nan,nan,nan,nan,nan,nan,nan,nan,nan,nan,{},-1,1,-1
peak_unbalanced,fixed,17,primary,0,0,nan,nan,nan,nan,nan,nan,nan,nan,nan,nan,nan,nan,{},-1,1,-1
peak_unbalanced,fixed,18,primary,0,0,nan,nan,nan,nan,nan,nan,nan,nan,nan,nan,nan,nan,{},-1,1,-1
peak_unbalanced,fixed,19,primary,0,0,nan,nan,nan,nan,nan,nan,nan,nan,nan,nan,nan,nan,{},-1,1,-1
peak_unbalanced,fixed,20,primary,0,0,nan,nan,nan,nan,nan,nan,nan,nan,nan,nan,nan,nan,{},-1,1,-1
peak_unbalanced,fixed,21,primary,0,0,nan,nan,nan,nan,nan,nan,nan,nan,nan,nan,nan,nan,{},-1,1,-1
peak_unbalanced,fixed,22,primary,0,0,nan,nan,nan,nan,nan,nan,nan,nan,nan,nan,nan,nan,{},-1,1,-1
peak_unbalanced,fixed,23,primary,0,0,nan,nan,nan,nan,nan,nan,nan,nan,nan,nan,nan,nan,{},-1,1,-1
peak_unbalanced,fixed,24,primary,0,0,nan,nan,nan,nan,nan,nan,nan,nan,nan,nan,nan,nan,{},-1,1,-1
peak_unbalanced,fixed,25,primary,0,0,nan,nan,nan,nan,nan,nan,nan,nan,nan,nan,nan,nan,{},-1,1,-1
peak_unbalanced,fixed,26,primary,0,0,nan,nan,nan,nan,nan,nan,nan,nan,nan,nan,nan,nan,{},-1,1,-1
peak_unbalanced,fixed,27,primary,0,0,nan,nan,nan,nan,nan,nan,nan,nan,nan,nan,nan,nan,{},-1,1,-1
peak_unbalanced,fixed,28,primary,0,0,nan,nan,nan,nan,nan,nan,nan,nan,nan,nan,nan,nan,{},-1,1,-1
peak_unbalanced,fixed,29,primary,0,0,nan,nan,nan,nan,nan,nan,nan,nan,nan,nan,nan,nan,{},-1,1,-1
peak_unbalanced,fixed,30,primary,0,0,nan,nan,nan,nan,nan,nan,nan,nan,nan,nan,nan,nan,{},-1,1,-1
peak_unbalanced,webster,1,primary,0,0,nan,nan,nan,nan,nan,nan,nan,nan,nan,nan,nan,nan,{},-1,1,-1
peak_unbalanced,webster,2,primary,0,0,nan,nan,nan,nan,nan,nan,nan,nan,nan,nan,nan,nan,{},-1,1,-1
peak_unbalanced,webster,3,primary,0,0,nan,nan,nan,nan,nan,nan,nan,nan,nan,nan,nan,nan,{},-1,1,-1
peak_unbalanced,webster,4,primary,0,0,nan,nan,nan,nan,nan,nan,nan,nan,nan,nan,nan,nan,{},-1,1,-1
peak_unbalanced,webster,5,primary,0,0,nan,nan,nan,nan,nan,nan,nan,nan,nan,nan,nan,nan,{},-1,1,-1
peak_unbalanced,webster,6,primary,0,0,nan,nan,nan,nan,nan,nan,nan,nan,nan,nan,nan,nan,{},-1,1,-1
peak_unbalanced,webster,7,primary,0,0,nan,nan,nan,nan,nan,nan,nan,nan,nan,nan,nan,nan,{},-1,1,-1
peak_unbalanced,webster,8,primary,0,0,nan,nan,nan,nan,nan,nan,nan,nan,nan,nan,nan,nan,{},-1,1,-1
peak_unbalanced,webster,9,primary,0,0,nan,nan,nan,nan,nan,nan,nan,nan,nan,nan,nan,nan,{},-1,1,-1
peak_unbalanced,webster,10,primary,0,0,nan,nan,nan,nan,nan,nan,nan,nan,nan,nan,nan,nan,{},-1,1,-1
peak_unbalanced,webster,11,primary,0,0,nan,nan,nan,nan,nan,nan,nan,nan,nan,nan,nan,nan,{},-1,1,-1
peak_unbalanced,webster,12,primary,0,0,nan,nan,nan,nan,nan,nan,nan,nan,nan,nan,nan,nan,{},-1,1,-1
peak_unbalanced,webster,13,primary,0,0,nan,nan,nan,nan,nan,nan,nan,nan,nan,nan,nan,nan,{},-1,1,-1
peak_unbalanced,webster,14,primary,0,0,nan,nan,nan,nan,nan,nan,nan,nan,nan,nan,nan,nan,{},-1,1,-1
peak_unbalanced,webster,15,primary,0,0,nan,nan,nan,nan,nan,nan,nan,nan,nan,nan,nan,nan,{},-1,1,-1
peak_unbalanced,webster,16,primary,0,0,nan,nan,nan,nan,nan,nan,nan,nan,nan,nan,nan,nan,{},-1,1,-1
peak_unbalanced,webster,17,primary,0,0,nan,nan,nan,nan,nan,nan,nan,nan,nan,nan,nan,nan,{},-1,1,-1
peak_unbalanced,webster,18,primary,0,0,nan,nan,nan,nan,nan,nan,nan,nan,nan,nan,nan,nan,{},-1,1,-1
peak_unbalanced,webster,19,primary,0,0,nan,nan,nan,nan,nan,nan,nan,nan,nan,nan,nan,nan,{},-1,1,-1
peak_unbalanced,webster,20,primary,0,0,nan,nan,nan,nan,nan,nan,nan,nan,nan,nan,nan,nan,{},-1,1,-1
peak_unbalanced,webster,21,primary,0,0,nan,nan,nan,nan,nan,nan,nan,nan,nan,nan,nan,nan,{},-1,1,-1
peak_unbalanced,webster,22,primary,0,0,nan,nan,nan,nan,nan,nan,nan,nan,nan,nan,nan,nan,{},-1,1,-1
peak_unbalanced,webster,23,primary,0,0,nan,nan,nan,nan,nan,nan,nan,nan,nan,nan,nan,nan,{},-1,1,-1
peak_unbalanced,webster,24,primary,0,0,nan,nan,nan,nan,nan,nan,nan,nan,nan,nan,nan,nan,{},-1,1,-1
peak_unbalanced,webster,25,primary,0,0,nan,nan,nan,nan,nan,nan,nan,nan,nan,nan,nan,nan,{},-1,1,-1
peak_unbalanced,webster,26,primary,0,0,nan,nan,nan,nan,nan,nan,nan,nan,nan,nan,nan,nan,{},-1,1,-1
peak_unbalanced,webster,27,primary,0,0,nan,nan,nan,nan,nan,nan,nan,nan,nan,nan,nan,nan,{},-1,1,-1
peak_unbalanced,webster,28,primary,0,0,nan,nan,nan,nan,nan,nan,nan,nan,nan,nan,nan,nan,{},-1,1,-1
peak_unbalanced,webster,29,primary,0,0,nan,nan,nan,nan,nan,nan,nan,nan,nan,nan,nan,nan,{},-1,1,-1
peak_unbalanced,webster,30,primary,0,0,nan,nan,nan,nan,nan,nan,nan,nan,nan,nan,nan,nan,{},-1,1,-1
peak_unbalanced,actuated,1,primary,0,0,nan,nan,nan,nan,nan,nan,nan,nan,nan,nan,nan,nan,{},-1,1,-1
peak_unbalanced,actuated,2,primary,0,0,nan,nan,nan,nan,nan,nan,nan,nan,nan,nan,nan,nan,{},-1,1,-1
peak_unbalanced,actuated,3,primary,0,0,nan,nan,nan,nan,nan,nan,nan,nan,nan,nan,nan,nan,{},-1,1,-1
peak_unbalanced,actuated,4,primary,0,0,nan,nan,nan,nan,nan,nan,nan,nan,nan,nan,nan,nan,{},-1,1,-1
peak_unbalanced,actuated,5,primary,0,0,nan,nan,nan,nan,nan,nan,nan,nan,nan,nan,nan,nan,{},-1,1,-1
peak_unbalanced,actuated,6,primary,0,0,nan,nan,nan,nan,nan,nan,nan,nan,nan,nan,nan,nan,{},-1,1,-1
peak_unbalanced,actuated,7,primary,0,0,nan,nan,nan,nan,nan,nan,nan,nan,nan,nan,nan,nan,{},-1,1,-1
peak_unbalanced,actuated,8,primary,0,0,nan,nan,nan,nan,nan,nan,nan,nan,nan,nan,nan,nan,{},-1,1,-1
peak_unbalanced,actuated,9,primary,0,0,nan,nan,nan,nan,nan,nan,nan,nan,nan,nan,nan,nan,{},-1,1,-1
peak_unbalanced,actuated,10,primary,0,0,nan,nan,nan,nan,nan,nan,nan,nan,nan,nan,nan,nan,{},-1,1,-1
peak_unbalanced,actuated,11,primary,0,0,nan,nan,nan,nan,nan,nan,nan,nan,nan,nan,nan,nan,{},-1,1,-1
peak_unbalanced,actuated,12,primary,0,0,nan,nan,nan,nan,nan,nan,nan,nan,nan,nan,nan,nan,{},-1,1,-1
peak_unbalanced,actuated,13,primary,0,0,nan,nan,nan,nan,nan,nan,nan,nan,nan,nan,nan,nan,{},-1,1,-1
peak_unbalanced,actuated,14,primary,0,0,nan,nan,nan,nan,nan,nan,nan,nan,nan,nan,nan,nan,{},-1,1,-1
peak_unbalanced,actuated,15,primary,0,0,nan,nan,nan,nan,nan,nan,nan,nan,nan,nan,nan,nan,{},-1,1,-1
peak_unbalanced,actuated,16,primary,0,0,nan,nan,nan,nan,nan,nan,nan,nan,nan,nan,nan,nan,{},-1,1,-1
peak_unbalanced,actuated,17,primary,0,0,nan,nan,nan,nan,nan,nan,nan,nan,nan,nan,nan,nan,{},-1,1,-1
peak_unbalanced,actuated,18,primary,0,0,nan,nan,nan,nan,nan,nan,nan,nan,nan,nan,nan,nan,{},-1,1,-1
peak_unbalanced,actuated,19,primary,0,0,nan,nan,nan,nan,nan,nan,nan,nan,nan,nan,nan,nan,{},-1,1,-1
peak_unbalanced,actuated,20,primary,0,0,nan,nan,nan,nan,nan,nan,nan,nan,nan,nan,nan,nan,{},-1,1,-1
peak_unbalanced,actuated,21,primary,0,0,nan,nan,nan,nan,nan,nan,nan,nan,nan,nan,nan,nan,{},-1,1,-1
peak_unbalanced,actuated,22,primary,0,0,nan,nan,nan,nan,nan,nan,nan,nan,nan,nan,nan,nan,{},-1,1,-1
peak_unbalanced,actuated,23,primary,0,0,nan,nan,nan,nan,nan,nan,nan,nan,nan,nan,nan,nan,{},-1,1,-1
peak_unbalanced,actuated,24,primary,0,0,nan,nan,nan,nan,nan,nan,nan,nan,nan,nan,nan,nan,{},-1,1,-1
peak_unbalanced,actuated,25,primary,0,0,nan,nan,nan,nan,nan,nan,nan,nan,nan,nan,nan,nan,{},-1,1,-1
peak_unbalanced,actuated,26,primary,0,0,nan,nan,nan,nan,nan,nan,nan,nan,nan,nan,nan,nan,{},-1,1,-1
peak_unbalanced,actuated,27,primary,0,0,nan,nan,nan,nan,nan,nan,nan,nan,nan,nan,nan,nan,{},-1,1,-1
peak_unbalanced,actuated,28,primary,0,0,nan,nan,nan,nan,nan,nan,nan,nan,nan,nan,nan,nan,{},-1,1,-1
peak_unbalanced,actuated,29,primary,0,0,nan,nan,nan,nan,nan,nan,nan,nan,nan,nan,nan,nan,{},-1,1,-1
peak_unbalanced,actuated,30,primary,0,0,nan,nan,nan,nan,nan,nan,nan,nan,nan,nan,nan,nan,{},-1,1,-1
peak_unbalanced,maxpressure,1,primary,0,0,nan,nan,nan,nan,nan,nan,nan,nan,nan,nan,nan,nan,{},-1,1,-1
peak_unbalanced,maxpressure,2,primary,0,0,nan,nan,nan,nan,nan,nan,nan,nan,nan,nan,nan,nan,{},-1,1,-1
peak_unbalanced,maxpressure,3,primary,0,0,nan,nan,nan,nan,nan,nan,nan,nan,nan,nan,nan,nan,{},-1,1,-1
peak_unbalanced,maxpressure,4,primary,0,0,nan,nan,nan,nan,nan,nan,nan,nan,nan,nan,nan,nan,{},-1,1,-1
peak_unbalanced,maxpressure,5,primary,0,0,nan,nan,nan,nan,nan,nan,nan,nan,nan,nan,nan,nan,{},-1,1,-1
peak_unbalanced,maxpressure,6,primary,0,0,nan,nan,nan,nan,nan,nan,nan,nan,nan,nan,nan,nan,{},-1,1,-1
peak_unbalanced,maxpressure,7,primary,0,0,nan,nan,nan,nan,nan,nan,nan,nan,nan,nan,nan,nan,{},-1,1,-1
peak_unbalanced,maxpressure,8,primary,0,0,nan,nan,nan,nan,nan,nan,nan,nan,nan,nan,nan,nan,{},-1,1,-1
peak_unbalanced,maxpressure,9,primary,0,0,nan,nan,nan,nan,nan,nan,nan,nan,nan,nan,nan,nan,{},-1,1,-1
peak_unbalanced,maxpressure,10,primary,0,0,nan,nan,nan,nan,nan,nan,nan,nan,nan,nan,nan,nan,{},-1,1,-1
peak_unbalanced,maxpressure,11,primary,0,0,nan,nan,nan,nan,nan,nan,nan,nan,nan,nan,nan,nan,{},-1,1,-1
peak_unbalanced,maxpressure,12,primary,0,0,nan,nan,nan,nan,nan,nan,nan,nan,nan,nan,nan,nan,{},-1,1,-1
peak_unbalanced,maxpressure,13,primary,0,0,nan,nan,nan,nan,nan,nan,nan,nan,nan,nan,nan,nan,{},-1,1,-1
peak_unbalanced,maxpressure,14,primary,0,0,nan,nan,nan,nan,nan,nan,nan,nan,nan,nan,nan,nan,{},-1,1,-1
peak_unbalanced,maxpressure,15,primary,0,0,nan,nan,nan,nan,nan,nan,nan,nan,nan,nan,nan,nan,{},-1,1,-1
peak_unbalanced,maxpressure,16,primary,0,0,nan,nan,nan,nan,nan,nan,nan,nan,nan,nan,nan,nan,{},-1,1,-1
peak_unbalanced,maxpressure,17,primary,0,0,nan,nan,nan,nan,nan,nan,nan,nan,nan,nan,nan,nan,{},-1,1,-1
peak_unbalanced,maxpressure,18,primary,0,0,nan,nan,nan,nan,nan,nan,nan,nan,nan,nan,nan,nan,{},-1,1,-1
peak_unbalanced,maxpressure,19,primary,0,0,nan,nan,nan,nan,nan,nan,nan,nan,nan,nan,nan,nan,{},-1,1,-1
peak_unbalanced,maxpressure,20,primary,0,0,nan,nan,nan,nan,nan,nan,nan,nan,nan,nan,nan,nan,{},-1,1,-1
peak_unbalanced,maxpressure,21,primary,0,0,nan,nan,nan,nan,nan,nan,nan,nan,nan,nan,nan,nan,{},-1,1,-1
peak_unbalanced,maxpressure,22,primary,0,0,nan,nan,nan,nan,nan,nan,nan,nan,nan,nan,nan,nan,{},-1,1,-1
peak_unbalanced,maxpressure,23,primary,0,0,nan,nan,nan,nan,nan,nan,nan,nan,nan,nan,nan,nan,{},-1,1,-1
peak_unbalanced,maxpressure,24,primary,0,0,nan,nan,nan,nan,nan,nan,nan,nan,nan,nan,nan,nan,{},-1,1,-1
peak_unbalanced,maxpressure,25,primary,0,0,nan,nan,nan,nan,nan,nan,nan,nan,nan,nan,nan,nan,{},-1,1,-1
peak_unbalanced,maxpressure,26,primary,0,0,nan,nan,nan,nan,nan,nan,nan,nan,nan,nan,nan,nan,{},-1,1,-1
peak_unbalanced,maxpressure,27,primary,0,0,nan,nan,nan,nan,nan,nan,nan,nan,nan,nan,nan,nan,{},-1,1,-1
peak_unbalanced,maxpressure,28,primary,0,0,nan,nan,nan,nan,nan,nan,nan,nan,nan,nan,nan,nan,{},-1,1,-1
peak_unbalanced,maxpressure,29,primary,0,0,nan,nan,nan,nan,nan,nan,nan,nan,nan,nan,nan,nan,{},-1,1,-1
peak_unbalanced,maxpressure,30,primary,0,0,nan,nan,nan,nan,nan,nan,nan,nan,nan,nan,nan,nan,{},-1,1,-1
peak_unbalanced,ours_count,1,primary,0,0,nan,nan,nan,nan,nan,nan,nan,nan,nan,nan,nan,nan,{},-1,1,-1
peak_unbalanced,ours_count,2,primary,0,0,nan,nan,nan,nan,nan,nan,nan,nan,nan,nan,nan,nan,{},-1,1,-1
peak_unbalanced,ours_count,3,primary,0,0,nan,nan,nan,nan,nan,nan,nan,nan,nan,nan,nan,nan,{},-1,1,-1
peak_unbalanced,ours_count,4,primary,0,0,nan,nan,nan,nan,nan,nan,nan,nan,nan,nan,nan,nan,{},-1,1,-1
peak_unbalanced,ours_count,5,primary,0,0,nan,nan,nan,nan,nan,nan,nan,nan,nan,nan,nan,nan,{},-1,1,-1
peak_unbalanced,ours_count,6,primary,0,0,nan,nan,nan,nan,nan,nan,nan,nan,nan,nan,nan,nan,{},-1,1,-1
peak_unbalanced,ours_count,7,primary,0,0,nan,nan,nan,nan,nan,nan,nan,nan,nan,nan,nan,nan,{},-1,1,-1
peak_unbalanced,ours_count,8,primary,0,0,nan,nan,nan,nan,nan,nan,nan,nan,nan,nan,nan,nan,{},-1,1,-1
peak_unbalanced,ours_count,9,primary,0,0,nan,nan,nan,nan,nan,nan,nan,nan,nan,nan,nan,nan,{},-1,1,-1
peak_unbalanced,ours_count,10,primary,0,0,nan,nan,nan,nan,nan,nan,nan,nan,nan,nan,nan,nan,{},-1,1,-1
peak_unbalanced,ours_count,11,primary,0,0,nan,nan,nan,nan,nan,nan,nan,nan,nan,nan,nan,nan,{},-1,1,-1
peak_unbalanced,ours_count,12,primary,0,0,nan,nan,nan,nan,nan,nan,nan,nan,nan,nan,nan,nan,{},-1,1,-1
peak_unbalanced,ours_count,13,primary,0,0,nan,nan,nan,nan,nan,nan,nan,nan,nan,nan,nan,nan,{},-1,1,-1
peak_unbalanced,ours_count,14,primary,0,0,nan,nan,nan,nan,nan,nan,nan,nan,nan,nan,nan,nan,{},-1,1,-1
peak_unbalanced,ours_count,15,primary,0,0,nan,nan,nan,nan,nan,nan,nan,nan,nan,nan,nan,nan,{},-1,1,-1
peak_unbalanced,ours_count,16,primary,0,0,nan,nan,nan,nan,nan,nan,nan,nan,nan,nan,nan,nan,{},-1,1,-1
peak_unbalanced,ours_count,17,primary,0,0,nan,nan,nan,nan,nan,nan,nan,nan,nan,nan,nan,nan,{},-1,1,-1
peak_unbalanced,ours_count,18,primary,0,0,nan,nan,nan,nan,nan,nan,nan,nan,nan,nan,nan,nan,{},-1,1,-1
peak_unbalanced,ours_count,19,primary,0,0,nan,nan,nan,nan,nan,nan,nan,nan,nan,nan,nan,nan,{},-1,1,-1
peak_unbalanced,ours_count,20,primary,0,0,nan,nan,nan,nan,nan,nan,nan,nan,nan,nan,nan,nan,{},-1,1,-1
peak_unbalanced,ours_count,21,primary,0,0,nan,nan,nan,nan,nan,nan,nan,nan,nan,nan,nan,nan,{},-1,1,-1
peak_unbalanced,ours_count,22,primary,0,0,nan,nan,nan,nan,nan,nan,nan,nan,nan,nan,nan,nan,{},-1,1,-1
peak_unbalanced,ours_count,23,primary,0,0,nan,nan,nan,nan,nan,nan,nan,nan,nan,nan,nan,nan,{},-1,1,-1
peak_unbalanced,ours_count,24,primary,0,0,nan,nan,nan,nan,nan,nan,nan,nan,nan,nan,nan,nan,{},-1,1,-1
peak_unbalanced,ours_count,25,primary,0,0,nan,nan,nan,nan,nan,nan,nan,nan,nan,nan,nan,nan,{},-1,1,-1
peak_unbalanced,ours_count,26,primary,0,0,nan,nan,nan,nan,nan,nan,nan,nan,nan,nan,nan,nan,{},-1,1,-1
peak_unbalanced,ours_count,27,primary,0,0,nan,nan,nan,nan,nan,nan,nan,nan,nan,nan,nan,nan,{},-1,1,-1
peak_unbalanced,ours_count,28,primary,0,0,nan,nan,nan,nan,nan,nan,nan,nan,nan,nan,nan,nan,{},-1,1,-1
peak_unbalanced,ours_count,29,primary,0,0,nan,nan,nan,nan,nan,nan,nan,nan,nan,nan,nan,nan,{},-1,1,-1
peak_unbalanced,ours_count,30,primary,0,0,nan,nan,nan,nan,nan,nan,nan,nan,nan,nan,nan,nan,{},-1,1,-1
peak_unbalanced,ours_fuel,1,primary,0,0,nan,nan,nan,nan,nan,nan,nan,nan,nan,nan,nan,nan,{},-1,1,-1
peak_unbalanced,ours_fuel,2,primary,0,0,nan,nan,nan,nan,nan,nan,nan,nan,nan,nan,nan,nan,{},-1,1,-1
peak_unbalanced,ours_fuel,3,primary,0,0,nan,nan,nan,nan,nan,nan,nan,nan,nan,nan,nan,nan,{},-1,1,-1
peak_unbalanced,ours_fuel,4,primary,0,0,nan,nan,nan,nan,nan,nan,nan,nan,nan,nan,nan,nan,{},-1,1,-1
peak_unbalanced,ours_fuel,5,primary,0,0,nan,nan,nan,nan,nan,nan,nan,nan,nan,nan,nan,nan,{},-1,1,-1
peak_unbalanced,ours_fuel,6,primary,0,0,nan,nan,nan,nan,nan,nan,nan,nan,nan,nan,nan,nan,{},-1,1,-1
peak_unbalanced,ours_fuel,7,primary,0,0,nan,nan,nan,nan,nan,nan,nan,nan,nan,nan,nan,nan,{},-1,1,-1
peak_unbalanced,ours_fuel,8,primary,0,0,nan,nan,nan,nan,nan,nan,nan,nan,nan,nan,nan,nan,{},-1,1,-1
peak_unbalanced,ours_fuel,9,primary,0,0,nan,nan,nan,nan,nan,nan,nan,nan,nan,nan,nan,nan,{},-1,1,-1
peak_unbalanced,ours_fuel,10,primary,0,0,nan,nan,nan,nan,nan,nan,nan,nan,nan,nan,nan,nan,{},-1,1,-1
peak_unbalanced,ours_fuel,11,primary,0,0,nan,nan,nan,nan,nan,nan,nan,nan,nan,nan,nan,nan,{},-1,1,-1
peak_unbalanced,ours_fuel,12,primary,0,0,nan,nan,nan,nan,nan,nan,nan,nan,nan,nan,nan,nan,{},-1,1,-1
peak_unbalanced,ours_fuel,13,primary,0,0,nan,nan,nan,nan,nan,nan,nan,nan,nan,nan,nan,nan,{},-1,1,-1
peak_unbalanced,ours_fuel,14,primary,0,0,nan,nan,nan,nan,nan,nan,nan,nan,nan,nan,nan,nan,{},-1,1,-1
peak_unbalanced,ours_fuel,15,primary,0,0,nan,nan,nan,nan,nan,nan,nan,nan,nan,nan,nan,nan,{},-1,1,-1
peak_unbalanced,ours_fuel,16,primary,0,0,nan,nan,nan,nan,nan,nan,nan,nan,nan,nan,nan,nan,{},-1,1,-1
peak_unbalanced,ours_fuel,17,primary,0,0,nan,nan,nan,nan,nan,nan,nan,nan,nan,nan,nan,nan,{},-1,1,-1
peak_unbalanced,ours_fuel,18,primary,0,0,nan,nan,nan,nan,nan,nan,nan,nan,nan,nan,nan,nan,{},-1,1,-1
peak_unbalanced,ours_fuel,19,primary,0,0,nan,nan,nan,nan,nan,nan,nan,nan,nan,nan,nan,nan,{},-1,1,-1
peak_unbalanced,ours_fuel,20,primary,0,0,nan,nan,nan,nan,nan,nan,nan,nan,nan,nan,nan,nan,{},-1,1,-1
peak_unbalanced,ours_fuel,21,primary,0,0,nan,nan,nan,nan,nan,nan,nan,nan,nan,nan,nan,nan,{},-1,1,-1
peak_unbalanced,ours_fuel,22,primary,0,0,nan,nan,nan,nan,nan,nan,nan,nan,nan,nan,nan,nan,{},-1,1,-1
peak_unbalanced,ours_fuel,23,primary,0,0,nan,nan,nan,nan,nan,nan,nan,nan,nan,nan,nan,nan,{},-1,1,-1
peak_unbalanced,ours_fuel,24,primary,0,0,nan,nan,nan,nan,nan,nan,nan,nan,nan,nan,nan,nan,{},-1,1,-1
peak_unbalanced,ours_fuel,25,primary,0,0,nan,nan,nan,nan,nan,nan,nan,nan,nan,nan,nan,nan,{},-1,1,-1
peak_unbalanced,ours_fuel,26,primary,0,0,nan,nan,nan,nan,nan,nan,nan,nan,nan,nan,nan,nan,{},-1,1,-1
peak_unbalanced,ours_fuel,27,primary,0,0,nan,nan,nan,nan,nan,nan,nan,nan,nan,nan,nan,nan,{},-1,1,-1
peak_unbalanced,ours_fuel,28,primary,0,0,nan,nan,nan,nan,nan,nan,nan,nan,nan,nan,nan,nan,{},-1,1,-1
peak_unbalanced,ours_fuel,29,primary,0,0,nan,nan,nan,nan,nan,nan,nan,nan,nan,nan,nan,nan,{},-1,1,-1
peak_unbalanced,ours_fuel,30,primary,0,0,nan,nan,nan,nan,nan,nan,nan,nan,nan,nan,nan,nan,{},-1,1,-1
dynamic,fixed,1,primary,0,0,nan,nan,nan,nan,nan,nan,nan,nan,nan,nan,nan,nan,{},-1,1,-1
dynamic,fixed,2,primary,0,0,nan,nan,nan,nan,nan,nan,nan,nan,nan,nan,nan,nan,{},-1,1,-1
dynamic,fixed,3,primary,0,0,nan,nan,nan,nan,nan,nan,nan,nan,nan,nan,nan,nan,{},-1,1,-1
dynamic,fixed,4,primary,0,0,nan,nan,nan,nan,nan,nan,nan,nan,nan,nan,nan,nan,{},-1,1,-1
dynamic,fixed,5,primary,0,0,nan,nan,nan,nan,nan,nan,nan,nan,nan,nan,nan,nan,{},-1,1,-1
dynamic,fixed,6,primary,0,0,nan,nan,nan,nan,nan,nan,nan,nan,nan,nan,nan,nan,{},-1,1,-1
dynamic,fixed,7,primary,0,0,nan,nan,nan,nan,nan,nan,nan,nan,nan,nan,nan,nan,{},-1,1,-1
dynamic,fixed,8,primary,0,0,nan,nan,nan,nan,nan,nan,nan,nan,nan,nan,nan,nan,{},-1,1,-1
dynamic,fixed,9,primary,0,0,nan,nan,nan,nan,nan,nan,nan,nan,nan,nan,nan,nan,{},-1,1,-1
dynamic,fixed,10,primary,0,0,nan,nan,nan,nan,nan,nan,nan,nan,nan,nan,nan,nan,{},-1,1,-1
dynamic,fixed,11,primary,0,0,nan,nan,nan,nan,nan,nan,nan,nan,nan,nan,nan,nan,{},-1,1,-1
dynamic,fixed,12,primary,0,0,nan,nan,nan,nan,nan,nan,nan,nan,nan,nan,nan,nan,{},-1,1,-1
dynamic,fixed,13,primary,0,0,nan,nan,nan,nan,nan,nan,nan,nan,nan,nan,nan,nan,{},-1,1,-1
dynamic,fixed,14,primary,0,0,nan,nan,nan,nan,nan,nan,nan,nan,nan,nan,nan,nan,{},-1,1,-1
dynamic,fixed,15,primary,0,0,nan,nan,nan,nan,nan,nan,nan,nan,nan,nan,nan,nan,{},-1,1,-1
dynamic,fixed,16,primary,0,0,nan,nan,nan,nan,nan,nan,nan,nan,nan,nan,nan,nan,{},-1,1,-1
dynamic,fixed,17,primary,0,0,nan,nan,nan,nan,nan,nan,nan,nan,nan,nan,nan,nan,{},-1,1,-1
dynamic,fixed,18,primary,0,0,nan,nan,nan,nan,nan,nan,nan,nan,nan,nan,nan,nan,{},-1,1,-1
dynamic,fixed,19,primary,0,0,nan,nan,nan,nan,nan,nan,nan,nan,nan,nan,nan,nan,{},-1,1,-1
dynamic,fixed,20,primary,0,0,nan,nan,nan,nan,nan,nan,nan,nan,nan,nan,nan,nan,{},-1,1,-1
dynamic,fixed,21,primary,0,0,nan,nan,nan,nan,nan,nan,nan,nan,nan,nan,nan,nan,{},-1,1,-1
dynamic,fixed,22,primary,0,0,nan,nan,nan,nan,nan,nan,nan,nan,nan,nan,nan,nan,{},-1,1,-1
dynamic,fixed,23,primary,0,0,nan,nan,nan,nan,nan,nan,nan,nan,nan,nan,nan,nan,{},-1,1,-1
dynamic,fixed,24,primary,0,0,nan,nan,nan,nan,nan,nan,nan,nan,nan,nan,nan,nan,{},-1,1,-1
dynamic,fixed,25,primary,0,0,nan,nan,nan,nan,nan,nan,nan,nan,nan,nan,nan,nan,{},-1,1,-1
dynamic,fixed,26,primary,0,0,nan,nan,nan,nan,nan,nan,nan,nan,nan,nan,nan,nan,{},-1,1,-1
dynamic,fixed,27,primary,0,0,nan,nan,nan,nan,nan,nan,nan,nan,nan,nan,nan,nan,{},-1,1,-1
dynamic,fixed,28,primary,0,0,nan,nan,nan,nan,nan,nan,nan,nan,nan,nan,nan,nan,{},-1,1,-1
dynamic,fixed,29,primary,0,0,nan,nan,nan,nan,nan,nan,nan,nan,nan,nan,nan,nan,{},-1,1,-1
dynamic,fixed,30,primary,0,0,nan,nan,nan,nan,nan,nan,nan,nan,nan,nan,nan,nan,{},-1,1,-1
dynamic,webster,1,primary,0,0,nan,nan,nan,nan,nan,nan,nan,nan,nan,nan,nan,nan,{},-1,1,-1
dynamic,webster,2,primary,0,0,nan,nan,nan,nan,nan,nan,nan,nan,nan,nan,nan,nan,{},-1,1,-1
dynamic,webster,3,primary,0,0,nan,nan,nan,nan,nan,nan,nan,nan,nan,nan,nan,nan,{},-1,1,-1
dynamic,webster,4,primary,0,0,nan,nan,nan,nan,nan,nan,nan,nan,nan,nan,nan,nan,{},-1,1,-1
dynamic,webster,5,primary,0,0,nan,nan,nan,nan,nan,nan,nan,nan,nan,nan,nan,nan,{},-1,1,-1
dynamic,webster,6,primary,0,0,nan,nan,nan,nan,nan,nan,nan,nan,nan,nan,nan,nan,{},-1,1,-1
dynamic,webster,7,primary,0,0,nan,nan,nan,nan,nan,nan,nan,nan,nan,nan,nan,nan,{},-1,1,-1
dynamic,webster,8,primary,0,0,nan,nan,nan,nan,nan,nan,nan,nan,nan,nan,nan,nan,{},-1,1,-1
dynamic,webster,9,primary,0,0,nan,nan,nan,nan,nan,nan,nan,nan,nan,nan,nan,nan,{},-1,1,-1
dynamic,webster,10,primary,0,0,nan,nan,nan,nan,nan,nan,nan,nan,nan,nan,nan,nan,{},-1,1,-1
dynamic,webster,11,primary,0,0,nan,nan,nan,nan,nan,nan,nan,nan,nan,nan,nan,nan,{},-1,1,-1
dynamic,webster,12,primary,0,0,nan,nan,nan,nan,nan,nan,nan,nan,nan,nan,nan,nan,{},-1,1,-1
dynamic,webster,13,primary,0,0,nan,nan,nan,nan,nan,nan,nan,nan,nan,nan,nan,nan,{},-1,1,-1
dynamic,webster,14,primary,0,0,nan,nan,nan,nan,nan,nan,nan,nan,nan,nan,nan,nan,{},-1,1,-1
dynamic,webster,15,primary,0,0,nan,nan,nan,nan,nan,nan,nan,nan,nan,nan,nan,nan,{},-1,1,-1
dynamic,webster,16,primary,0,0,nan,nan,nan,nan,nan,nan,nan,nan,nan,nan,nan,nan,{},-1,1,-1
dynamic,webster,17,primary,0,0,nan,nan,nan,nan,nan,nan,nan,nan,nan,nan,nan,nan,{},-1,1,-1
dynamic,webster,18,primary,0,0,nan,nan,nan,nan,nan,nan,nan,nan,nan,nan,nan,nan,{},-1,1,-1
dynamic,webster,19,primary,0,0,nan,nan,nan,nan,nan,nan,nan,nan,nan,nan,nan,nan,{},-1,1,-1
dynamic,webster,20,primary,0,0,nan,nan,nan,nan,nan,nan,nan,nan,nan,nan,nan,nan,{},-1,1,-1
dynamic,webster,21,primary,0,0,nan,nan,nan,nan,nan,nan,nan,nan,nan,nan,nan,nan,{},-1,1,-1
dynamic,webster,22,primary,0,0,nan,nan,nan,nan,nan,nan,nan,nan,nan,nan,nan,nan,{},-1,1,-1
dynamic,webster,23,primary,0,0,nan,nan,nan,nan,nan,nan,nan,nan,nan,nan,nan,nan,{},-1,1,-1
dynamic,webster,24,primary,0,0,nan,nan,nan,nan,nan,nan,nan,nan,nan,nan,nan,nan,{},-1,1,-1
dynamic,webster,25,primary,0,0,nan,nan,nan,nan,nan,nan,nan,nan,nan,nan,nan,nan,{},-1,1,-1
dynamic,webster,26,primary,0,0,nan,nan,nan,nan,nan,nan,nan,nan,nan,nan,nan,nan,{},-1,1,-1
dynamic,webster,27,primary,0,0,nan,nan,nan,nan,nan,nan,nan,nan,nan,nan,nan,nan,{},-1,1,-1
dynamic,webster,28,primary,0,0,nan,nan,nan,nan,nan,nan,nan,nan,nan,nan,nan,nan,{},-1,1,-1
dynamic,webster,29,primary,0,0,nan,nan,nan,nan,nan,nan,nan,nan,nan,nan,nan,nan,{},-1,1,-1
dynamic,webster,30,primary,0,0,nan,nan,nan,nan,nan,nan,nan,nan,nan,nan,nan,nan,{},-1,1,-1
dynamic,actuated,1,primary,0,0,nan,nan,nan,nan,nan,nan,nan,nan,nan,nan,nan,nan,{},-1,1,-1
dynamic,actuated,2,primary,0,0,nan,nan,nan,nan,nan,nan,nan,nan,nan,nan,nan,nan,{},-1,1,-1
dynamic,actuated,3,primary,0,0,nan,nan,nan,nan,nan,nan,nan,nan,nan,nan,nan,nan,{},-1,1,-1
dynamic,actuated,4,primary,0,0,nan,nan,nan,nan,nan,nan,nan,nan,nan,nan,nan,nan,{},-1,1,-1
dynamic,actuated,5,primary,0,0,nan,nan,nan,nan,nan,nan,nan,nan,nan,nan,nan,nan,{},-1,1,-1
dynamic,actuated,6,primary,0,0,nan,nan,nan,nan,nan,nan,nan,nan,nan,nan,nan,nan,{},-1,1,-1
dynamic,actuated,7,primary,0,0,nan,nan,nan,nan,nan,nan,nan,nan,nan,nan,nan,nan,{},-1,1,-1
dynamic,actuated,8,primary,0,0,nan,nan,nan,nan,nan,nan,nan,nan,nan,nan,nan,nan,{},-1,1,-1
dynamic,actuated,9,primary,0,0,nan,nan,nan,nan,nan,nan,nan,nan,nan,nan,nan,nan,{},-1,1,-1
dynamic,actuated,10,primary,0,0,nan,nan,nan,nan,nan,nan,nan,nan,nan,nan,nan,nan,{},-1,1,-1
dynamic,actuated,11,primary,0,0,nan,nan,nan,nan,nan,nan,nan,nan,nan,nan,nan,nan,{},-1,1,-1
dynamic,actuated,12,primary,0,0,nan,nan,nan,nan,nan,nan,nan,nan,nan,nan,nan,nan,{},-1,1,-1
dynamic,actuated,13,primary,0,0,nan,nan,nan,nan,nan,nan,nan,nan,nan,nan,nan,nan,{},-1,1,-1
dynamic,actuated,14,primary,0,0,nan,nan,nan,nan,nan,nan,nan,nan,nan,nan,nan,nan,{},-1,1,-1
dynamic,actuated,15,primary,0,0,nan,nan,nan,nan,nan,nan,nan,nan,nan,nan,nan,nan,{},-1,1,-1
dynamic,actuated,16,primary,0,0,nan,nan,nan,nan,nan,nan,nan,nan,nan,nan,nan,nan,{},-1,1,-1
dynamic,actuated,17,primary,0,0,nan,nan,nan,nan,nan,nan,nan,nan,nan,nan,nan,nan,{},-1,1,-1
dynamic,actuated,18,primary,0,0,nan,nan,nan,nan,nan,nan,nan,nan,nan,nan,nan,nan,{},-1,1,-1
dynamic,actuated,19,primary,0,0,nan,nan,nan,nan,nan,nan,nan,nan,nan,nan,nan,nan,{},-1,1,-1
dynamic,actuated,20,primary,0,0,nan,nan,nan,nan,nan,nan,nan,nan,nan,nan,nan,nan,{},-1,1,-1
dynamic,actuated,21,primary,0,0,nan,nan,nan,nan,nan,nan,nan,nan,nan,nan,nan,nan,{},-1,1,-1
dynamic,actuated,22,primary,0,0,nan,nan,nan,nan,nan,nan,nan,nan,nan,nan,nan,nan,{},-1,1,-1
dynamic,actuated,23,primary,0,0,nan,nan,nan,nan,nan,nan,nan,nan,nan,nan,nan,nan,{},-1,1,-1
dynamic,actuated,24,primary,0,0,nan,nan,nan,nan,nan,nan,nan,nan,nan,nan,nan,nan,{},-1,1,-1
dynamic,actuated,25,primary,0,0,nan,nan,nan,nan,nan,nan,nan,nan,nan,nan,nan,nan,{},-1,1,-1
dynamic,actuated,26,primary,0,0,nan,nan,nan,nan,nan,nan,nan,nan,nan,nan,nan,nan,{},-1,1,-1
dynamic,actuated,27,primary,0,0,nan,nan,nan,nan,nan,nan,nan,nan,nan,nan,nan,nan,{},-1,1,-1
dynamic,actuated,28,primary,0,0,nan,nan,nan,nan,nan,nan,nan,nan,nan,nan,nan,nan,{},-1,1,-1
dynamic,actuated,29,primary,0,0,nan,nan,nan,nan,nan,nan,nan,nan,nan,nan,nan,nan,{},-1,1,-1
dynamic,actuated,30,primary,0,0,nan,nan,nan,nan,nan,nan,nan,nan,nan,nan,nan,nan,{},-1,1,-1
dynamic,maxpressure,1,primary,0,0,nan,nan,nan,nan,nan,nan,nan,nan,nan,nan,nan,nan,{},-1,1,-1
dynamic,maxpressure,2,primary,0,0,nan,nan,nan,nan,nan,nan,nan,nan,nan,nan,nan,nan,{},-1,1,-1
dynamic,maxpressure,3,primary,0,0,nan,nan,nan,nan,nan,nan,nan,nan,nan,nan,nan,nan,{},-1,1,-1
dynamic,maxpressure,4,primary,0,0,nan,nan,nan,nan,nan,nan,nan,nan,nan,nan,nan,nan,{},-1,1,-1
dynamic,maxpressure,5,primary,0,0,nan,nan,nan,nan,nan,nan,nan,nan,nan,nan,nan,nan,{},-1,1,-1
dynamic,maxpressure,6,primary,0,0,nan,nan,nan,nan,nan,nan,nan,nan,nan,nan,nan,nan,{},-1,1,-1
dynamic,maxpressure,7,primary,0,0,nan,nan,nan,nan,nan,nan,nan,nan,nan,nan,nan,nan,{},-1,1,-1
dynamic,maxpressure,8,primary,0,0,nan,nan,nan,nan,nan,nan,nan,nan,nan,nan,nan,nan,{},-1,1,-1
dynamic,maxpressure,9,primary,0,0,nan,nan,nan,nan,nan,nan,nan,nan,nan,nan,nan,nan,{},-1,1,-1
dynamic,maxpressure,10,primary,0,0,nan,nan,nan,nan,nan,nan,nan,nan,nan,nan,nan,nan,{},-1,1,-1
dynamic,maxpressure,11,primary,0,0,nan,nan,nan,nan,nan,nan,nan,nan,nan,nan,nan,nan,{},-1,1,-1
dynamic,maxpressure,12,primary,0,0,nan,nan,nan,nan,nan,nan,nan,nan,nan,nan,nan,nan,{},-1,1,-1
dynamic,maxpressure,13,primary,0,0,nan,nan,nan,nan,nan,nan,nan,nan,nan,nan,nan,nan,{},-1,1,-1
dynamic,maxpressure,14,primary,0,0,nan,nan,nan,nan,nan,nan,nan,nan,nan,nan,nan,nan,{},-1,1,-1
dynamic,maxpressure,15,primary,0,0,nan,nan,nan,nan,nan,nan,nan,nan,nan,nan,nan,nan,{},-1,1,-1
dynamic,maxpressure,16,primary,0,0,nan,nan,nan,nan,nan,nan,nan,nan,nan,nan,nan,nan,{},-1,1,-1
dynamic,maxpressure,17,primary,0,0,nan,nan,nan,nan,nan,nan,nan,nan,nan,nan,nan,nan,{},-1,1,-1
dynamic,maxpressure,18,primary,0,0,nan,nan,nan,nan,nan,nan,nan,nan,nan,nan,nan,nan,{},-1,1,-1
dynamic,maxpressure,19,primary,0,0,nan,nan,nan,nan,nan,nan,nan,nan,nan,nan,nan,nan,{},-1,1,-1
dynamic,maxpressure,20,primary,0,0,nan,nan,nan,nan,nan,nan,nan,nan,nan,nan,nan,nan,{},-1,1,-1
dynamic,maxpressure,21,primary,0,0,nan,nan,nan,nan,nan,nan,nan,nan,nan,nan,nan,nan,{},-1,1,-1
dynamic,maxpressure,22,primary,0,0,nan,nan,nan,nan,nan,nan,nan,nan,nan,nan,nan,nan,{},-1,1,-1
dynamic,maxpressure,23,primary,0,0,nan,nan,nan,nan,nan,nan,nan,nan,nan,nan,nan,nan,{},-1,1,-1
dynamic,maxpressure,24,primary,0,0,nan,nan,nan,nan,nan,nan,nan,nan,nan,nan,nan,nan,{},-1,1,-1
dynamic,maxpressure,25,primary,0,0,nan,nan,nan,nan,nan,nan,nan,nan,nan,nan,nan,nan,{},-1,1,-1
dynamic,maxpressure,26,primary,0,0,nan,nan,nan,nan,nan,nan,nan,nan,nan,nan,nan,nan,{},-1,1,-1
dynamic,maxpressure,27,primary,0,0,nan,nan,nan,nan,nan,nan,nan,nan,nan,nan,nan,nan,{},-1,1,-1
dynamic,maxpressure,28,primary,0,0,nan,nan,nan,nan,nan,nan,nan,nan,nan,nan,nan,nan,{},-1,1,-1
dynamic,maxpressure,29,primary,0,0,nan,nan,nan,nan,nan,nan,nan,nan,nan,nan,nan,nan,{},-1,1,-1
dynamic,maxpressure,30,primary,0,0,nan,nan,nan,nan,nan,nan,nan,nan,nan,nan,nan,nan,{},-1,1,-1
dynamic,ours_count,1,primary,0,0,nan,nan,nan,nan,nan,nan,nan,nan,nan,nan,nan,nan,{},-1,1,-1
dynamic,ours_count,2,primary,0,0,nan,nan,nan,nan,nan,nan,nan,nan,nan,nan,nan,nan,{},-1,1,-1
dynamic,ours_count,3,primary,0,0,nan,nan,nan,nan,nan,nan,nan,nan,nan,nan,nan,nan,{},-1,1,-1
dynamic,ours_count,4,primary,0,0,nan,nan,nan,nan,nan,nan,nan,nan,nan,nan,nan,nan,{},-1,1,-1
dynamic,ours_count,5,primary,0,0,nan,nan,nan,nan,nan,nan,nan,nan,nan,nan,nan,nan,{},-1,1,-1
dynamic,ours_count,6,primary,0,0,nan,nan,nan,nan,nan,nan,nan,nan,nan,nan,nan,nan,{},-1,1,-1
dynamic,ours_count,7,primary,0,0,nan,nan,nan,nan,nan,nan,nan,nan,nan,nan,nan,nan,{},-1,1,-1
dynamic,ours_count,8,primary,0,0,nan,nan,nan,nan,nan,nan,nan,nan,nan,nan,nan,nan,{},-1,1,-1
dynamic,ours_count,9,primary,0,0,nan,nan,nan,nan,nan,nan,nan,nan,nan,nan,nan,nan,{},-1,1,-1
dynamic,ours_count,10,primary,0,0,nan,nan,nan,nan,nan,nan,nan,nan,nan,nan,nan,nan,{},-1,1,-1
dynamic,ours_count,11,primary,0,0,nan,nan,nan,nan,nan,nan,nan,nan,nan,nan,nan,nan,{},-1,1,-1
dynamic,ours_count,12,primary,0,0,nan,nan,nan,nan,nan,nan,nan,nan,nan,nan,nan,nan,{},-1,1,-1
dynamic,ours_count,13,primary,0,0,nan,nan,nan,nan,nan,nan,nan,nan,nan,nan,nan,nan,{},-1,1,-1
dynamic,ours_count,14,primary,0,0,nan,nan,nan,nan,nan,nan,nan,nan,nan,nan,nan,nan,{},-1,1,-1
dynamic,ours_count,15,primary,0,0,nan,nan,nan,nan,nan,nan,nan,nan,nan,nan,nan,nan,{},-1,1,-1
dynamic,ours_count,16,primary,0,0,nan,nan,nan,nan,nan,nan,nan,nan,nan,nan,nan,nan,{},-1,1,-1
dynamic,ours_count,17,primary,0,0,nan,nan,nan,nan,nan,nan,nan,nan,nan,nan,nan,nan,{},-1,1,-1
dynamic,ours_count,18,primary,0,0,nan,nan,nan,nan,nan,nan,nan,nan,nan,nan,nan,nan,{},-1,1,-1
dynamic,ours_count,19,primary,0,0,nan,nan,nan,nan,nan,nan,nan,nan,nan,nan,nan,nan,{},-1,1,-1
dynamic,ours_count,20,primary,0,0,nan,nan,nan,nan,nan,nan,nan,nan,nan,nan,nan,nan,{},-1,1,-1
dynamic,ours_count,21,primary,0,0,nan,nan,nan,nan,nan,nan,nan,nan,nan,nan,nan,nan,{},-1,1,-1
dynamic,ours_count,22,primary,0,0,nan,nan,nan,nan,nan,nan,nan,nan,nan,nan,nan,nan,{},-1,1,-1
dynamic,ours_count,23,primary,0,0,nan,nan,nan,nan,nan,nan,nan,nan,nan,nan,nan,nan,{},-1,1,-1
dynamic,ours_count,24,primary,0,0,nan,nan,nan,nan,nan,nan,nan,nan,nan,nan,nan,nan,{},-1,1,-1
dynamic,ours_count,25,primary,0,0,nan,nan,nan,nan,nan,nan,nan,nan,nan,nan,nan,nan,{},-1,1,-1
dynamic,ours_count,26,primary,0,0,nan,nan,nan,nan,nan,nan,nan,nan,nan,nan,nan,nan,{},-1,1,-1
dynamic,ours_count,27,primary,0,0,nan,nan,nan,nan,nan,nan,nan,nan,nan,nan,nan,nan,{},-1,1,-1
dynamic,ours_count,28,primary,0,0,nan,nan,nan,nan,nan,nan,nan,nan,nan,nan,nan,nan,{},-1,1,-1
dynamic,ours_count,29,primary,0,0,nan,nan,nan,nan,nan,nan,nan,nan,nan,nan,nan,nan,{},-1,1,-1
dynamic,ours_count,30,primary,0,0,nan,nan,nan,nan,nan,nan,nan,nan,nan,nan,nan,nan,{},-1,1,-1
dynamic,ours_fuel,1,primary,0,0,nan,nan,nan,nan,nan,nan,nan,nan,nan,nan,nan,nan,{},-1,1,-1
dynamic,ours_fuel,2,primary,0,0,nan,nan,nan,nan,nan,nan,nan,nan,nan,nan,nan,nan,{},-1,1,-1
dynamic,ours_fuel,3,primary,0,0,nan,nan,nan,nan,nan,nan,nan,nan,nan,nan,nan,nan,{},-1,1,-1
dynamic,ours_fuel,4,primary,0,0,nan,nan,nan,nan,nan,nan,nan,nan,nan,nan,nan,nan,{},-1,1,-1
dynamic,ours_fuel,5,primary,0,0,nan,nan,nan,nan,nan,nan,nan,nan,nan,nan,nan,nan,{},-1,1,-1
dynamic,ours_fuel,6,primary,0,0,nan,nan,nan,nan,nan,nan,nan,nan,nan,nan,nan,nan,{},-1,1,-1
dynamic,ours_fuel,7,primary,0,0,nan,nan,nan,nan,nan,nan,nan,nan,nan,nan,nan,nan,{},-1,1,-1
dynamic,ours_fuel,8,primary,0,0,nan,nan,nan,nan,nan,nan,nan,nan,nan,nan,nan,nan,{},-1,1,-1
dynamic,ours_fuel,9,primary,0,0,nan,nan,nan,nan,nan,nan,nan,nan,nan,nan,nan,nan,{},-1,1,-1
dynamic,ours_fuel,10,primary,0,0,nan,nan,nan,nan,nan,nan,nan,nan,nan,nan,nan,nan,{},-1,1,-1
dynamic,ours_fuel,11,primary,0,0,nan,nan,nan,nan,nan,nan,nan,nan,nan,nan,nan,nan,{},-1,1,-1
dynamic,ours_fuel,12,primary,0,0,nan,nan,nan,nan,nan,nan,nan,nan,nan,nan,nan,nan,{},-1,1,-1
dynamic,ours_fuel,13,primary,0,0,nan,nan,nan,nan,nan,nan,nan,nan,nan,nan,nan,nan,{},-1,1,-1
dynamic,ours_fuel,14,primary,0,0,nan,nan,nan,nan,nan,nan,nan,nan,nan,nan,nan,nan,{},-1,1,-1
dynamic,ours_fuel,15,primary,0,0,nan,nan,nan,nan,nan,nan,nan,nan,nan,nan,nan,nan,{},-1,1,-1
dynamic,ours_fuel,16,primary,0,0,nan,nan,nan,nan,nan,nan,nan,nan,nan,nan,nan,nan,{},-1,1,-1
dynamic,ours_fuel,17,primary,0,0,nan,nan,nan,nan,nan,nan,nan,nan,nan,nan,nan,nan,{},-1,1,-1
dynamic,ours_fuel,18,primary,0,0,nan,nan,nan,nan,nan,nan,nan,nan,nan,nan,nan,nan,{},-1,1,-1
dynamic,ours_fuel,19,primary,0,0,nan,nan,nan,nan,nan,nan,nan,nan,nan,nan,nan,nan,{},-1,1,-1
dynamic,ours_fuel,20,primary,0,0,nan,nan,nan,nan,nan,nan,nan,nan,nan,nan,nan,nan,{},-1,1,-1
dynamic,ours_fuel,21,primary,0,0,nan,nan,nan,nan,nan,nan,nan,nan,nan,nan,nan,nan,{},-1,1,-1
dynamic,ours_fuel,22,primary,0,0,nan,nan,nan,nan,nan,nan,nan,nan,nan,nan,nan,nan,{},-1,1,-1
dynamic,ours_fuel,23,primary,0,0,nan,nan,nan,nan,nan,nan,nan,nan,nan,nan,nan,nan,{},-1,1,-1
dynamic,ours_fuel,24,primary,0,0,nan,nan,nan,nan,nan,nan,nan,nan,nan,nan,nan,nan,{},-1,1,-1
dynamic,ours_fuel,25,primary,0,0,nan,nan,nan,nan,nan,nan,nan,nan,nan,nan,nan,nan,{},-1,1,-1
dynamic,ours_fuel,26,primary,0,0,nan,nan,nan,nan,nan,nan,nan,nan,nan,nan,nan,nan,{},-1,1,-1
dynamic,ours_fuel,27,primary,0,0,nan,nan,nan,nan,nan,nan,nan,nan,nan,nan,nan,nan,{},-1,1,-1
dynamic,ours_fuel,28,primary,0,0,nan,nan,nan,nan,nan,nan,nan,nan,nan,nan,nan,nan,{},-1,1,-1
dynamic,ours_fuel,29,primary,0,0,nan,nan,nan,nan,nan,nan,nan,nan,nan,nan,nan,nan,{},-1,1,-1
dynamic,ours_fuel,30,primary,0,0,nan,nan,nan,nan,nan,nan,nan,nan,nan,nan,nan,nan,{},-1,1,-1
low_demand,fixed,1,primary,0,0,nan,nan,nan,nan,nan,nan,nan,nan,nan,nan,nan,nan,{},-1,1,-1
low_demand,fixed,2,primary,0,0,nan,nan,nan,nan,nan,nan,nan,nan,nan,nan,nan,nan,{},-1,1,-1
low_demand,fixed,3,primary,0,0,nan,nan,nan,nan,nan,nan,nan,nan,nan,nan,nan,nan,{},-1,1,-1
low_demand,fixed,4,primary,0,0,nan,nan,nan,nan,nan,nan,nan,nan,nan,nan,nan,nan,{},-1,1,-1
low_demand,fixed,5,primary,0,0,nan,nan,nan,nan,nan,nan,nan,nan,nan,nan,nan,nan,{},-1,1,-1
low_demand,fixed,6,primary,0,0,nan,nan,nan,nan,nan,nan,nan,nan,nan,nan,nan,nan,{},-1,1,-1
low_demand,fixed,7,primary,0,0,nan,nan,nan,nan,nan,nan,nan,nan,nan,nan,nan,nan,{},-1,1,-1
low_demand,fixed,8,primary,0,0,nan,nan,nan,nan,nan,nan,nan,nan,nan,nan,nan,nan,{},-1,1,-1
low_demand,fixed,9,primary,0,0,nan,nan,nan,nan,nan,nan,nan,nan,nan,nan,nan,nan,{},-1,1,-1
low_demand,fixed,10,primary,0,0,nan,nan,nan,nan,nan,nan,nan,nan,nan,nan,nan,nan,{},-1,1,-1
low_demand,fixed,11,primary,0,0,nan,nan,nan,nan,nan,nan,nan,nan,nan,nan,nan,nan,{},-1,1,-1
low_demand,fixed,12,primary,0,0,nan,nan,nan,nan,nan,nan,nan,nan,nan,nan,nan,nan,{},-1,1,-1
low_demand,fixed,13,primary,0,0,nan,nan,nan,nan,nan,nan,nan,nan,nan,nan,nan,nan,{},-1,1,-1
low_demand,fixed,14,primary,0,0,nan,nan,nan,nan,nan,nan,nan,nan,nan,nan,nan,nan,{},-1,1,-1
low_demand,fixed,15,primary,0,0,nan,nan,nan,nan,nan,nan,nan,nan,nan,nan,nan,nan,{},-1,1,-1
low_demand,fixed,16,primary,0,0,nan,nan,nan,nan,nan,nan,nan,nan,nan,nan,nan,nan,{},-1,1,-1
low_demand,fixed,17,primary,0,0,nan,nan,nan,nan,nan,nan,nan,nan,nan,nan,nan,nan,{},-1,1,-1
low_demand,fixed,18,primary,0,0,nan,nan,nan,nan,nan,nan,nan,nan,nan,nan,nan,nan,{},-1,1,-1
low_demand,fixed,19,primary,0,0,nan,nan,nan,nan,nan,nan,nan,nan,nan,nan,nan,nan,{},-1,1,-1
low_demand,fixed,20,primary,0,0,nan,nan,nan,nan,nan,nan,nan,nan,nan,nan,nan,nan,{},-1,1,-1
low_demand,fixed,21,primary,0,0,nan,nan,nan,nan,nan,nan,nan,nan,nan,nan,nan,nan,{},-1,1,-1
low_demand,fixed,22,primary,0,0,nan,nan,nan,nan,nan,nan,nan,nan,nan,nan,nan,nan,{},-1,1,-1
low_demand,fixed,23,primary,0,0,nan,nan,nan,nan,nan,nan,nan,nan,nan,nan,nan,nan,{},-1,1,-1
low_demand,fixed,24,primary,0,0,nan,nan,nan,nan,nan,nan,nan,nan,nan,nan,nan,nan,{},-1,1,-1
low_demand,fixed,25,primary,0,0,nan,nan,nan,nan,nan,nan,nan,nan,nan,nan,nan,nan,{},-1,1,-1
low_demand,fixed,26,primary,0,0,nan,nan,nan,nan,nan,nan,nan,nan,nan,nan,nan,nan,{},-1,1,-1
low_demand,fixed,27,primary,0,0,nan,nan,nan,nan,nan,nan,nan,nan,nan,nan,nan,nan,{},-1,1,-1
low_demand,fixed,28,primary,0,0,nan,nan,nan,nan,nan,nan,nan,nan,nan,nan,nan,nan,{},-1,1,-1
low_demand,fixed,29,primary,0,0,nan,nan,nan,nan,nan,nan,nan,nan,nan,nan,nan,nan,{},-1,1,-1
low_demand,fixed,30,primary,0,0,nan,nan,nan,nan,nan,nan,nan,nan,nan,nan,nan,nan,{},-1,1,-1
low_demand,webster,1,primary,0,0,nan,nan,nan,nan,nan,nan,nan,nan,nan,nan,nan,nan,{},-1,1,-1
low_demand,webster,2,primary,0,0,nan,nan,nan,nan,nan,nan,nan,nan,nan,nan,nan,nan,{},-1,1,-1
low_demand,webster,3,primary,0,0,nan,nan,nan,nan,nan,nan,nan,nan,nan,nan,nan,nan,{},-1,1,-1
low_demand,webster,4,primary,0,0,nan,nan,nan,nan,nan,nan,nan,nan,nan,nan,nan,nan,{},-1,1,-1
low_demand,webster,5,primary,0,0,nan,nan,nan,nan,nan,nan,nan,nan,nan,nan,nan,nan,{},-1,1,-1
low_demand,webster,6,primary,0,0,nan,nan,nan,nan,nan,nan,nan,nan,nan,nan,nan,nan,{},-1,1,-1
low_demand,webster,7,primary,0,0,nan,nan,nan,nan,nan,nan,nan,nan,nan,nan,nan,nan,{},-1,1,-1
low_demand,webster,8,primary,0,0,nan,nan,nan,nan,nan,nan,nan,nan,nan,nan,nan,nan,{},-1,1,-1
low_demand,webster,9,primary,0,0,nan,nan,nan,nan,nan,nan,nan,nan,nan,nan,nan,nan,{},-1,1,-1
low_demand,webster,10,primary,0,0,nan,nan,nan,nan,nan,nan,nan,nan,nan,nan,nan,nan,{},-1,1,-1
low_demand,webster,11,primary,0,0,nan,nan,nan,nan,nan,nan,nan,nan,nan,nan,nan,nan,{},-1,1,-1
low_demand,webster,12,primary,0,0,nan,nan,nan,nan,nan,nan,nan,nan,nan,nan,nan,nan,{},-1,1,-1
low_demand,webster,13,primary,0,0,nan,nan,nan,nan,nan,nan,nan,nan,nan,nan,nan,nan,{},-1,1,-1
low_demand,webster,14,primary,0,0,nan,nan,nan,nan,nan,nan,nan,nan,nan,nan,nan,nan,{},-1,1,-1
low_demand,webster,15,primary,0,0,nan,nan,nan,nan,nan,nan,nan,nan,nan,nan,nan,nan,{},-1,1,-1
low_demand,webster,16,primary,0,0,nan,nan,nan,nan,nan,nan,nan,nan,nan,nan,nan,nan,{},-1,1,-1
low_demand,webster,17,primary,0,0,nan,nan,nan,nan,nan,nan,nan,nan,nan,nan,nan,nan,{},-1,1,-1
low_demand,webster,18,primary,0,0,nan,nan,nan,nan,nan,nan,nan,nan,nan,nan,nan,nan,{},-1,1,-1
low_demand,webster,19,primary,0,0,nan,nan,nan,nan,nan,nan,nan,nan,nan,nan,nan,nan,{},-1,1,-1
low_demand,webster,20,primary,0,0,nan,nan,nan,nan,nan,nan,nan,nan,nan,nan,nan,nan,{},-1,1,-1
low_demand,webster,21,primary,0,0,nan,nan,nan,nan,nan,nan,nan,nan,nan,nan,nan,nan,{},-1,1,-1
low_demand,webster,22,primary,0,0,nan,nan,nan,nan,nan,nan,nan,nan,nan,nan,nan,nan,{},-1,1,-1
low_demand,webster,23,primary,0,0,nan,nan,nan,nan,nan,nan,nan,nan,nan,nan,nan,nan,{},-1,1,-1
low_demand,webster,24,primary,0,0,nan,nan,nan,nan,nan,nan,nan,nan,nan,nan,nan,nan,{},-1,1,-1
low_demand,webster,25,primary,0,0,nan,nan,nan,nan,nan,nan,nan,nan,nan,nan,nan,nan,{},-1,1,-1
low_demand,webster,26,primary,0,0,nan,nan,nan,nan,nan,nan,nan,nan,nan,nan,nan,nan,{},-1,1,-1
low_demand,webster,27,primary,0,0,nan,nan,nan,nan,nan,nan,nan,nan,nan,nan,nan,nan,{},-1,1,-1
low_demand,webster,28,primary,0,0,nan,nan,nan,nan,nan,nan,nan,nan,nan,nan,nan,nan,{},-1,1,-1
low_demand,webster,29,primary,0,0,nan,nan,nan,nan,nan,nan,nan,nan,nan,nan,nan,nan,{},-1,1,-1
low_demand,webster,30,primary,0,0,nan,nan,nan,nan,nan,nan,nan,nan,nan,nan,nan,nan,{},-1,1,-1
low_demand,actuated,1,primary,0,0,nan,nan,nan,nan,nan,nan,nan,nan,nan,nan,nan,nan,{},-1,1,-1
low_demand,actuated,2,primary,0,0,nan,nan,nan,nan,nan,nan,nan,nan,nan,nan,nan,nan,{},-1,1,-1
low_demand,actuated,3,primary,0,0,nan,nan,nan,nan,nan,nan,nan,nan,nan,nan,nan,nan,{},-1,1,-1
low_demand,actuated,4,primary,0,0,nan,nan,nan,nan,nan,nan,nan,nan,nan,nan,nan,nan,{},-1,1,-1
low_demand,actuated,5,primary,0,0,nan,nan,nan,nan,nan,nan,nan,nan,nan,nan,nan,nan,{},-1,1,-1
low_demand,actuated,6,primary,0,0,nan,nan,nan,nan,nan,nan,nan,nan,nan,nan,nan,nan,{},-1,1,-1
low_demand,actuated,7,primary,0,0,nan,nan,nan,nan,nan,nan,nan,nan,nan,nan,nan,nan,{},-1,1,-1
low_demand,actuated,8,primary,0,0,nan,nan,nan,nan,nan,nan,nan,nan,nan,nan,nan,nan,{},-1,1,-1
low_demand,actuated,9,primary,0,0,nan,nan,nan,nan,nan,nan,nan,nan,nan,nan,nan,nan,{},-1,1,-1
low_demand,actuated,10,primary,0,0,nan,nan,nan,nan,nan,nan,nan,nan,nan,nan,nan,nan,{},-1,1,-1
low_demand,actuated,11,primary,0,0,nan,nan,nan,nan,nan,nan,nan,nan,nan,nan,nan,nan,{},-1,1,-1
low_demand,actuated,12,primary,0,0,nan,nan,nan,nan,nan,nan,nan,nan,nan,nan,nan,nan,{},-1,1,-1
low_demand,actuated,13,primary,0,0,nan,nan,nan,nan,nan,nan,nan,nan,nan,nan,nan,nan,{},-1,1,-1
low_demand,actuated,14,primary,0,0,nan,nan,nan,nan,nan,nan,nan,nan,nan,nan,nan,nan,{},-1,1,-1
low_demand,actuated,15,primary,0,0,nan,nan,nan,nan,nan,nan,nan,nan,nan,nan,nan,nan,{},-1,1,-1
low_demand,actuated,16,primary,0,0,nan,nan,nan,nan,nan,nan,nan,nan,nan,nan,nan,nan,{},-1,1,-1
low_demand,actuated,17,primary,0,0,nan,nan,nan,nan,nan,nan,nan,nan,nan,nan,nan,nan,{},-1,1,-1
low_demand,actuated,18,primary,0,0,nan,nan,nan,nan,nan,nan,nan,nan,nan,nan,nan,nan,{},-1,1,-1
low_demand,actuated,19,primary,0,0,nan,nan,nan,nan,nan,nan,nan,nan,nan,nan,nan,nan,{},-1,1,-1
low_demand,actuated,20,primary,0,0,nan,nan,nan,nan,nan,nan,nan,nan,nan,nan,nan,nan,{},-1,1,-1
low_demand,actuated,21,primary,0,0,nan,nan,nan,nan,nan,nan,nan,nan,nan,nan,nan,nan,{},-1,1,-1
low_demand,actuated,22,primary,0,0,nan,nan,nan,nan,nan,nan,nan,nan,nan,nan,nan,nan,{},-1,1,-1
low_demand,actuated,23,primary,0,0,nan,nan,nan,nan,nan,nan,nan,nan,nan,nan,nan,nan,{},-1,1,-1
low_demand,actuated,24,primary,0,0,nan,nan,nan,nan,nan,nan,nan,nan,nan,nan,nan,nan,{},-1,1,-1
low_demand,actuated,25,primary,0,0,nan,nan,nan,nan,nan,nan,nan,nan,nan,nan,nan,nan,{},-1,1,-1
low_demand,actuated,26,primary,0,0,nan,nan,nan,nan,nan,nan,nan,nan,nan,nan,nan,nan,{},-1,1,-1
low_demand,actuated,27,primary,0,0,nan,nan,nan,nan,nan,nan,nan,nan,nan,nan,nan,nan,{},-1,1,-1
low_demand,actuated,28,primary,0,0,nan,nan,nan,nan,nan,nan,nan,nan,nan,nan,nan,nan,{},-1,1,-1
low_demand,actuated,29,primary,0,0,nan,nan,nan,nan,nan,nan,nan,nan,nan,nan,nan,nan,{},-1,1,-1
low_demand,actuated,30,primary,0,0,nan,nan,nan,nan,nan,nan,nan,nan,nan,nan,nan,nan,{},-1,1,-1
low_demand,maxpressure,1,primary,0,0,nan,nan,nan,nan,nan,nan,nan,nan,nan,nan,nan,nan,{},-1,1,-1
low_demand,maxpressure,2,primary,0,0,nan,nan,nan,nan,nan,nan,nan,nan,nan,nan,nan,nan,{},-1,1,-1
low_demand,maxpressure,3,primary,0,0,nan,nan,nan,nan,nan,nan,nan,nan,nan,nan,nan,nan,{},-1,1,-1
low_demand,maxpressure,4,primary,0,0,nan,nan,nan,nan,nan,nan,nan,nan,nan,nan,nan,nan,{},-1,1,-1
low_demand,maxpressure,5,primary,0,0,nan,nan,nan,nan,nan,nan,nan,nan,nan,nan,nan,nan,{},-1,1,-1
low_demand,maxpressure,6,primary,0,0,nan,nan,nan,nan,nan,nan,nan,nan,nan,nan,nan,nan,{},-1,1,-1
low_demand,maxpressure,7,primary,0,0,nan,nan,nan,nan,nan,nan,nan,nan,nan,nan,nan,nan,{},-1,1,-1
low_demand,maxpressure,8,primary,0,0,nan,nan,nan,nan,nan,nan,nan,nan,nan,nan,nan,nan,{},-1,1,-1
low_demand,maxpressure,9,primary,0,0,nan,nan,nan,nan,nan,nan,nan,nan,nan,nan,nan,nan,{},-1,1,-1
low_demand,maxpressure,10,primary,0,0,nan,nan,nan,nan,nan,nan,nan,nan,nan,nan,nan,nan,{},-1,1,-1
low_demand,maxpressure,11,primary,0,0,nan,nan,nan,nan,nan,nan,nan,nan,nan,nan,nan,nan,{},-1,1,-1
low_demand,maxpressure,12,primary,0,0,nan,nan,nan,nan,nan,nan,nan,nan,nan,nan,nan,nan,{},-1,1,-1
low_demand,maxpressure,13,primary,0,0,nan,nan,nan,nan,nan,nan,nan,nan,nan,nan,nan,nan,{},-1,1,-1
low_demand,maxpressure,14,primary,0,0,nan,nan,nan,nan,nan,nan,nan,nan,nan,nan,nan,nan,{},-1,1,-1
low_demand,maxpressure,15,primary,0,0,nan,nan,nan,nan,nan,nan,nan,nan,nan,nan,nan,nan,{},-1,1,-1
low_demand,maxpressure,16,primary,0,0,nan,nan,nan,nan,nan,nan,nan,nan,nan,nan,nan,nan,{},-1,1,-1
low_demand,maxpressure,17,primary,0,0,nan,nan,nan,nan,nan,nan,nan,nan,nan,nan,nan,nan,{},-1,1,-1
low_demand,maxpressure,18,primary,0,0,nan,nan,nan,nan,nan,nan,nan,nan,nan,nan,nan,nan,{},-1,1,-1
low_demand,maxpressure,19,primary,0,0,nan,nan,nan,nan,nan,nan,nan,nan,nan,nan,nan,nan,{},-1,1,-1
low_demand,maxpressure,20,primary,0,0,nan,nan,nan,nan,nan,nan,nan,nan,nan,nan,nan,nan,{},-1,1,-1
low_demand,maxpressure,21,primary,0,0,nan,nan,nan,nan,nan,nan,nan,nan,nan,nan,nan,nan,{},-1,1,-1
low_demand,maxpressure,22,primary,0,0,nan,nan,nan,nan,nan,nan,nan,nan,nan,nan,nan,nan,{},-1,1,-1
low_demand,maxpressure,23,primary,0,0,nan,nan,nan,nan,nan,nan,nan,nan,nan,nan,nan,nan,{},-1,1,-1
low_demand,maxpressure,24,primary,0,0,nan,nan,nan,nan,nan,nan,nan,nan,nan,nan,nan,nan,{},-1,1,-1
low_demand,maxpressure,25,primary,0,0,nan,nan,nan,nan,nan,nan,nan,nan,nan,nan,nan,nan,{},-1,1,-1
low_demand,maxpressure,26,primary,0,0,nan,nan,nan,nan,nan,nan,nan,nan,nan,nan,nan,nan,{},-1,1,-1
low_demand,maxpressure,27,primary,0,0,nan,nan,nan,nan,nan,nan,nan,nan,nan,nan,nan,nan,{},-1,1,-1
low_demand,maxpressure,28,primary,0,0,nan,nan,nan,nan,nan,nan,nan,nan,nan,nan,nan,nan,{},-1,1,-1
low_demand,maxpressure,29,primary,0,0,nan,nan,nan,nan,nan,nan,nan,nan,nan,nan,nan,nan,{},-1,1,-1
low_demand,maxpressure,30,primary,0,0,nan,nan,nan,nan,nan,nan,nan,nan,nan,nan,nan,nan,{},-1,1,-1
low_demand,ours_count,1,primary,0,0,nan,nan,nan,nan,nan,nan,nan,nan,nan,nan,nan,nan,{},-1,1,-1
low_demand,ours_count,2,primary,0,0,nan,nan,nan,nan,nan,nan,nan,nan,nan,nan,nan,nan,{},-1,1,-1
low_demand,ours_count,3,primary,0,0,nan,nan,nan,nan,nan,nan,nan,nan,nan,nan,nan,nan,{},-1,1,-1
low_demand,ours_count,4,primary,0,0,nan,nan,nan,nan,nan,nan,nan,nan,nan,nan,nan,nan,{},-1,1,-1
low_demand,ours_count,5,primary,0,0,nan,nan,nan,nan,nan,nan,nan,nan,nan,nan,nan,nan,{},-1,1,-1
low_demand,ours_count,6,primary,0,0,nan,nan,nan,nan,nan,nan,nan,nan,nan,nan,nan,nan,{},-1,1,-1
low_demand,ours_count,7,primary,0,0,nan,nan,nan,nan,nan,nan,nan,nan,nan,nan,nan,nan,{},-1,1,-1
low_demand,ours_count,8,primary,0,0,nan,nan,nan,nan,nan,nan,nan,nan,nan,nan,nan,nan,{},-1,1,-1
low_demand,ours_count,9,primary,0,0,nan,nan,nan,nan,nan,nan,nan,nan,nan,nan,nan,nan,{},-1,1,-1
low_demand,ours_count,10,primary,0,0,nan,nan,nan,nan,nan,nan,nan,nan,nan,nan,nan,nan,{},-1,1,-1
low_demand,ours_count,11,primary,0,0,nan,nan,nan,nan,nan,nan,nan,nan,nan,nan,nan,nan,{},-1,1,-1
low_demand,ours_count,12,primary,0,0,nan,nan,nan,nan,nan,nan,nan,nan,nan,nan,nan,nan,{},-1,1,-1
low_demand,ours_count,13,primary,0,0,nan,nan,nan,nan,nan,nan,nan,nan,nan,nan,nan,nan,{},-1,1,-1
low_demand,ours_count,14,primary,0,0,nan,nan,nan,nan,nan,nan,nan,nan,nan,nan,nan,nan,{},-1,1,-1
low_demand,ours_count,15,primary,0,0,nan,nan,nan,nan,nan,nan,nan,nan,nan,nan,nan,nan,{},-1,1,-1
low_demand,ours_count,16,primary,0,0,nan,nan,nan,nan,nan,nan,nan,nan,nan,nan,nan,nan,{},-1,1,-1
low_demand,ours_count,17,primary,0,0,nan,nan,nan,nan,nan,nan,nan,nan,nan,nan,nan,nan,{},-1,1,-1
low_demand,ours_count,18,primary,0,0,nan,nan,nan,nan,nan,nan,nan,nan,nan,nan,nan,nan,{},-1,1,-1
low_demand,ours_count,19,primary,0,0,nan,nan,nan,nan,nan,nan,nan,nan,nan,nan,nan,nan,{},-1,1,-1
low_demand,ours_count,20,primary,0,0,nan,nan,nan,nan,nan,nan,nan,nan,nan,nan,nan,nan,{},-1,1,-1
low_demand,ours_count,21,primary,0,0,nan,nan,nan,nan,nan,nan,nan,nan,nan,nan,nan,nan,{},-1,1,-1
low_demand,ours_count,22,primary,0,0,nan,nan,nan,nan,nan,nan,nan,nan,nan,nan,nan,nan,{},-1,1,-1
low_demand,ours_count,23,primary,0,0,nan,nan,nan,nan,nan,nan,nan,nan,nan,nan,nan,nan,{},-1,1,-1
low_demand,ours_count,24,primary,0,0,nan,nan,nan,nan,nan,nan,nan,nan,nan,nan,nan,nan,{},-1,1,-1
low_demand,ours_count,25,primary,0,0,nan,nan,nan,nan,nan,nan,nan,nan,nan,nan,nan,nan,{},-1,1,-1
low_demand,ours_count,26,primary,0,0,nan,nan,nan,nan,nan,nan,nan,nan,nan,nan,nan,nan,{},-1,1,-1
low_demand,ours_count,27,primary,0,0,nan,nan,nan,nan,nan,nan,nan,nan,nan,nan,nan,nan,{},-1,1,-1
low_demand,ours_count,28,primary,0,0,nan,nan,nan,nan,nan,nan,nan,nan,nan,nan,nan,nan,{},-1,1,-1
low_demand,ours_count,29,primary,0,0,nan,nan,nan,nan,nan,nan,nan,nan,nan,nan,nan,nan,{},-1,1,-1
low_demand,ours_count,30,primary,0,0,nan,nan,nan,nan,nan,nan,nan,nan,nan,nan,nan,nan,{},-1,1,-1
low_demand,ours_fuel,1,primary,0,0,nan,nan,nan,nan,nan,nan,nan,nan,nan,nan,nan,nan,{},-1,1,-1
low_demand,ours_fuel,2,primary,0,0,nan,nan,nan,nan,nan,nan,nan,nan,nan,nan,nan,nan,{},-1,1,-1
low_demand,ours_fuel,3,primary,0,0,nan,nan,nan,nan,nan,nan,nan,nan,nan,nan,nan,nan,{},-1,1,-1
low_demand,ours_fuel,4,primary,0,0,nan,nan,nan,nan,nan,nan,nan,nan,nan,nan,nan,nan,{},-1,1,-1
low_demand,ours_fuel,5,primary,0,0,nan,nan,nan,nan,nan,nan,nan,nan,nan,nan,nan,nan,{},-1,1,-1
low_demand,ours_fuel,6,primary,0,0,nan,nan,nan,nan,nan,nan,nan,nan,nan,nan,nan,nan,{},-1,1,-1
low_demand,ours_fuel,7,primary,0,0,nan,nan,nan,nan,nan,nan,nan,nan,nan,nan,nan,nan,{},-1,1,-1
low_demand,ours_fuel,8,primary,0,0,nan,nan,nan,nan,nan,nan,nan,nan,nan,nan,nan,nan,{},-1,1,-1
low_demand,ours_fuel,9,primary,0,0,nan,nan,nan,nan,nan,nan,nan,nan,nan,nan,nan,nan,{},-1,1,-1
low_demand,ours_fuel,10,primary,0,0,nan,nan,nan,nan,nan,nan,nan,nan,nan,nan,nan,nan,{},-1,1,-1
low_demand,ours_fuel,11,primary,0,0,nan,nan,nan,nan,nan,nan,nan,nan,nan,nan,nan,nan,{},-1,1,-1
low_demand,ours_fuel,12,primary,0,0,nan,nan,nan,nan,nan,nan,nan,nan,nan,nan,nan,nan,{},-1,1,-1
low_demand,ours_fuel,13,primary,0,0,nan,nan,nan,nan,nan,nan,nan,nan,nan,nan,nan,nan,{},-1,1,-1
low_demand,ours_fuel,14,primary,0,0,nan,nan,nan,nan,nan,nan,nan,nan,nan,nan,nan,nan,{},-1,1,-1
low_demand,ours_fuel,15,primary,0,0,nan,nan,nan,nan,nan,nan,nan,nan,nan,nan,nan,nan,{},-1,1,-1
low_demand,ours_fuel,16,primary,0,0,nan,nan,nan,nan,nan,nan,nan,nan,nan,nan,nan,nan,{},-1,1,-1
low_demand,ours_fuel,17,primary,0,0,nan,nan,nan,nan,nan,nan,nan,nan,nan,nan,nan,nan,{},-1,1,-1
low_demand,ours_fuel,18,primary,0,0,nan,nan,nan,nan,nan,nan,nan,nan,nan,nan,nan,nan,{},-1,1,-1
low_demand,ours_fuel,19,primary,0,0,nan,nan,nan,nan,nan,nan,nan,nan,nan,nan,nan,nan,{},-1,1,-1
low_demand,ours_fuel,20,primary,0,0,nan,nan,nan,nan,nan,nan,nan,nan,nan,nan,nan,nan,{},-1,1,-1
low_demand,ours_fuel,21,primary,0,0,nan,nan,nan,nan,nan,nan,nan,nan,nan,nan,nan,nan,{},-1,1,-1
low_demand,ours_fuel,22,primary,0,0,nan,nan,nan,nan,nan,nan,nan,nan,nan,nan,nan,nan,{},-1,1,-1
low_demand,ours_fuel,23,primary,0,0,nan,nan,nan,nan,nan,nan,nan,nan,nan,nan,nan,nan,{},-1,1,-1
low_demand,ours_fuel,24,primary,0,0,nan,nan,nan,nan,nan,nan,nan,nan,nan,nan,nan,nan,{},-1,1,-1
low_demand,ours_fuel,25,primary,0,0,nan,nan,nan,nan,nan,nan,nan,nan,nan,nan,nan,nan,{},-1,1,-1
low_demand,ours_fuel,26,primary,0,0,nan,nan,nan,nan,nan,nan,nan,nan,nan,nan,nan,nan,{},-1,1,-1
low_demand,ours_fuel,27,primary,0,0,nan,nan,nan,nan,nan,nan,nan,nan,nan,nan,nan,nan,{},-1,1,-1
low_demand,ours_fuel,28,primary,0,0,nan,nan,nan,nan,nan,nan,nan,nan,nan,nan,nan,nan,{},-1,1,-1
low_demand,ours_fuel,29,primary,0,0,nan,nan,nan,nan,nan,nan,nan,nan,nan,nan,nan,nan,{},-1,1,-1
low_demand,ours_fuel,30,primary,0,0,nan,nan,nan,nan,nan,nan,nan,nan,nan,nan,nan,nan,{},-1,1,-1
balanced,maxpressure,17,primary,1926,0,0.0,0.0,0.0,0.0,0.0,0.0,0.0,0.0,0.0,42786.0,11.61715992397502,26.0,{},0,0,56.58325409889221
balanced,maxpressure,18,primary,1983,0,0.0,0.0,0.0,0.0,0.0,0.0,0.0,0.0,0.0,43035.0,11.590358200915702,24.0,{},0,0,55.041523933410645
