scenario,controller,seed,emission_model,n_departed,n_completed,n_unfinished,status,error,total_fuel_L,fuel_per_vehicle_L,fuel_per_person_L,total_CO2_kg,mean_waiting_s,p95_waiting_s,mean_timeLoss_s,person_delay_s,mean_travel_time_s,stops_per_vehicle,idle_vehicle_seconds,mean_queue_veh,max_queue_veh,fuel_L_by_type,ssm_conflicts,conflicts_per_1000_veh,gridlock_flag,wall_time_s
balanced,fixed,5,primary,1909,1909,0,ok,,262.27740262687087,0.13738994375425398,0.04549004485688722,654.1014478214829,28.83132530120482,71.0,37.68060764798336,27.326019841820255,82.58931377684651,0.7831325301204819,55039.0,14.44972433709635,34.0,"{""auto_rickshaw"": 18.893059815698646, ""two_wheeler"": 58.31099729289195, ""car"": 53.84657880092295, ""truck"": 109.54740800717381, ""bus"": 21.67935871018333}",2842,1488.7375589313776,0,56.71692991256714
balanced,fixed_tuned,1,primary,1888,1888,0,ok,,263.78392550139404,0.13971606223590785,0.03876666943468813,659.1219132286012,28.965572033898304,67.0,38.10039724576266,28.47109223443629,82.98781779661017,0.8082627118644068,54687.0,14.800270635994588,34.0,"{""bus"": 31.301162182532156, ""auto_rickshaw"": 15.845941118047289, ""two_wheeler"": 62.79691288326896, ""car"": 49.13436211211217, ""truck"": 104.70554720543339}",2965,1570.4449152542372,0,56.7998411655426
balanced,fixed,1,primary,1888,1888,0,ok,,263.4960905747996,0.13956360729597436,0.03872436814043817,657.787402040721,29.997351694915253,71.0,38.940789194915226,30.581123978601852,83.82256355932203,0.8029661016949152,56635.0,14.884362680683312,34.0,"{""bus"": 31.361309624920246, ""auto_rickshaw"": 16.61428775175135, ""two_wheeler"": 62.77620517373781, ""car"": 50.00235192650542, ""truck"": 102.74193609788462}",2942,1558.2627118644068,0,57.230366945266724
balanced,fixed,2,primary,1927,1927,0,ok,,272.27764301345417,0.1412961302612632,0.03914734917952785,681.2954789553905,28.717176959003634,70.0,37.93264660093411,29.289337474119844,82.8365334717177,0.7877529839128179,55338.0,14.729305296779346,30.0,"{""two_wheeler"": 60.77868714169591, ""truck"": 111.1972436217381, ""auto_rickshaw"": 16.504129479045954, ""bus"": 31.875730849486896, ""car"": 51.92185192148785}",2977,1544.8884276076803,0,57.59720778465271
balanced,fixed_tuned,2,primary,1927,1927,0,ok,,273.26641868373287,0.14180924685196308,0.03928951269319802,683.6107591954843,28.877010897768553,67.0,38.257125064867736,29.018173452955843,83.14686040477426,0.8225220550077841,55646.0,15.051663510954828,34.0,"{""two_wheeler"": 61.44771019754191, ""truck"": 111.33399848229166, ""auto_rickshaw"": 17.294741116183776, ""bus"": 31.79809108279523, ""car"": 51.39187780492025}",3034,1574.468085106383,0,57.942521810531616
balanced,fixed_tuned,3,primary,1983,1983,0,ok,,283.62211912657585,0.14302678725495505,0.03799358595131596,709.6832425211621,29.27332324760464,68.0,38.656974281391804,27.434105827193356,83.53151790216843,0.8310640443772063,58049.0,15.642414443546214,36.0,"{""car"": 53.23788418941078, ""truck"": 114.13155985122972, ""two_wheeler"": 62.95863507763513, ""auto_rickshaw"": 18.303128303359458, ""bus"": 34.99091170494046}",3313,1670.700958144226,0,60.08175182342529
balanced,fixed,4,primary,1954,1954,0,ok,,285.6735956950485,0.1461993836719798,0.03989854688478301,715.7820943068797,31.11873080859775,77.0,40.265301944728826,34.389748603351684,85.14022517911975,0.7998976458546572,60806.0,15.980551905387648,35.0,"{""two_wheeler"": 60.80683093955004, ""car"": 53.714626893431095, ""truck"": 117.97801601978814, ""auto_rickshaw"": 18.225496753768923, ""bus"": 34.948625088510724}",3011,1540.9416581371545,0,60.12094593048096
balanced,fixed,3,primary,1983,1983,0,ok,,287.8209625598156,0.14514420703974565,0.038556056605467307,720.2188532391068,31.474029248613213,80.0,40.85627332324756,33.269430676490074,85.73171961674231,0.8250126071608673,62413.0,16.621304926764314,35.0,"{""car"": 53.47219702306622, ""truck"": 114.50468078583692, ""two_wheeler"": 64.52169094746488, ""auto_rickshaw"": 18.361962829135134, ""bus"": 36.96043097431191}",3188,1607.6651538073627,0,61.81442403793335
balanced,actuated,1,primary,1888,1888,0,ok,,254.94941777912635,0.13503676789148641,0.03746831723283821,636.7904384156636,25.734110169491526,61.0,34.72655720338991,27.078625595202876,79.59957627118644,0.8119703389830508,48586.0,13.088900862068966,32.0,"{""auto_rickshaw"": 15.465726076845943, ""two_wheeler"": 60.90562430272709, ""car"": 47.83388707523788, ""truck"": 99.93101734432022, ""bus"": 30.81316297999524}",2878,1524.364406779661,0,51.86470413208008
balanced,fixed_tuned,5,primary,1909,1909,0,ok,,262.47700870703034,0.13749450429912538,0.045524665031744904,654.8457963939837,27.79203771608172,67.0,37.02305919329493,28.181611627584115,81.94866422210582,0.8239916186485071,53055.0,14.27360774818402,34.0,"{""two_wheeler"": 57.47515103573916, ""car"": 53.02613681477566, ""truck"": 109.78772608737744, ""auto_rickshaw"": 19.924945036081084, ""bus"": 22.263049733057134}",2930,1534.834992142483,0,53.97399878501892
balanced,webster,1,primary,1888,1888,0,ok,,265.0617862220376,0.14039289524472331,0.03895446861178582,662.415233010623,28.41048728813559,60.0,38.02977224576269,28.411292692963126,82.9009533898305,0.8802966101694916,53639.0,14.45405551064403,32.0,"{""auto_rickshaw"": 16.371582194356755, ""two_wheeler"": 62.843882567866245, ""car"": 48.89497750759468, ""bus"": 31.447697482870247, ""truck"": 105.50364646935004}",3164,1675.8474576271187,0,54.17871308326721
balanced,webster,2,primary,1927,1927,0,ok,,274.923877977683,0.1426693710314909,0.039527817744663116,687.7515286249085,28.353399065905553,61.0,38.14592631032689,27.341427996319116,83.06798131811105,0.8764919564089257,54637.0,14.722985718135273,34.0,"{""truck"": 112.20443190309646, ""auto_rickshaw"": 17.0700530494446, ""bus"": 31.77335767251904, ""two_wheeler"": 61.872390440343175, ""car"": 52.00364491227973}",3213,1667.3585884795018,0,55.17165780067444
balanced,fixed_tuned,4,primary,1954,1954,0,ok,,282.8427394486319,0.14475063431352708,0.03950317590064662,709.2544339429062,28.729273285568066,67.0,37.989677584442134,29.574944134078,82.86233367451382,0.827021494370522,56137.0,14.898354564755838,35.0,"{""two_wheeler"": 59.6094926038663, ""car"": 53.648742738494605, ""truck"": 119.40977467768684, ""auto_rickshaw"": 16.596888525829733, ""bus"": 33.57784090275477}",3104,1588.5363357215967,0,55.627609968185425
balanced,webster,5,primary,1909,1909,0,ok,,270.1955042831698,0.14153771832539014,0.04686338009628969,674.3643624542477,29.302776322682032,61.0,39.3451126244107,31.058033855973115,84.25720272393923,0.8983761131482452,55939.0,15.07383454594449,35.0,"{""two_wheeler"": 59.03193677645545, ""car"": 54.97980531696223, ""truck"": 113.29591808533931, ""auto_rickshaw"": 19.484933768549997, ""bus"": 23.40291033586309}",3199,1675.746464117339,0,55.8287148475647
balanced,webster,4,primary,1954,1954,0,ok,,287.75259493883715,0.14726335462581225,0.04018890990765851,721.866201498138,29.135619242579324,61.0,39.0715916069601,30.028365921787458,83.93654042988742,0.906345957011259,56931.0,15.242570281124499,41.0,"{""two_wheeler"": 60.57590854190403, ""car"": 54.239203864962164, ""truck"": 122.23128528922027, ""bus"": 34.27140232625952, ""auto_rickshaw"": 16.434794916491903}",3306,1691.914022517912,0,56.74841594696045
balanced,webster,3,primary,1983,1983,0,ok,,288.2284879429153,0.14534971656223666,0.038610648083444485,721.5382009480909,29.133131618759457,62.0,39.34250126071611,28.45508372404534,84.21633888048412,0.9132627332324761,57771.0,15.634912043301759,38.0,"{""truck"": 116.59204850299886, ""car"": 54.25108658556217, ""two_wheeler"": 63.27043851792028, ""auto_rickshaw"": 18.212814074322967, ""bus"": 35.90210026211191}",3452,1740.796772566818,0,57.77782726287842
balanced,actuated,2,primary,1927,1927,0,ok,,266.10170891702097,0.13809118262429734,0.03825938994091025,665.5033588377302,26.598858329008824,63.0,35.60629994810584,25.401886358407932,80.51686559418786,0.7955371043072132,51256.0,13.905588714053174,31.0,"{""truck"": 108.52842726305482, ""auto_rickshaw"": 16.13506089940135, ""bus"": 30.302489500178584, ""two_wheeler"": 60.02393226177028, ""car"": 51.11179899261618}",2868,1488.323819408407,0,53.26034879684448
balanced,actuated,5,primary,1909,1909,0,ok,,259.15639950900305,0.13575505474541805,0.044948730315838965,646.6471428899057,26.529072812991096,62.0,35.67467784180191,27.257076453447826,80.59350445259298,0.8088004190675746,50644.0,13.654354273389053,32.0,"{""two_wheeler"": 56.89528137115257, ""car"": 53.12047442740675, ""truck"": 108.62415613024288, ""auto_rickshaw"": 18.51377654723513, ""bus"": 22.002711032965472}",2827,1480.8800419067575,0,52.294429063797
balanced,actuated,4,primary,1954,1954,0,ok,,272.23131748983957,0.13932001918620243,0.03802113372763093,682.2102665986599,25.62589559877175,62.0,34.64055783009207,26.870963687150606,79.51893551688843,0.7901740020470829,50073.0,13.533243243243243,30.0,"{""two_wheeler"": 58.040487290409416, ""car"": 51.23164677420944, ""truck"": 112.96910472022975, ""bus"": 33.072542894059524, ""auto_rickshaw"": 16.91753581093108}",2909,1488.7410440122826,0,53.34821105003357
balanced,actuated,3,primary,1983,1983,0,ok,,273.55005787310876,0.1379475833954154,0.03664434800711408,684.4647991252353,26.03580433686334,63.0,35.13545133635902,23.14580040187523,80.00252143217348,0.7992939989914272,51629.0,13.98023287300298,35.0,"{""truck"": 110.60748701437156, ""car"": 51.105586478468894, ""two_wheeler"": 61.99068747808373, ""auto_rickshaw"": 16.69105149114325, ""bus"": 33.15524541104169}",3162,1594.553706505295,0,54.348976850509644
balanced,queue_pressure,1,primary,1888,1888,0,ok,,245.61045543089114,0.1300902835968703,0.03609582849786744,613.7690538658964,22.038665254237287,77.0,30.726615466101705,23.220886485215246,75.61917372881356,0.788135593220339,41609.0,11.2335313174946,25.0,"{""bus"": 29.976054665449993, ""auto_rickshaw"": 14.32660466496486, ""two_wheeler"": 59.28436344077301, ""car"": 45.157419819006755, ""truck"": 96.86601284069648}",2554,1352.7542372881355,0,84.06807112693787
balanced,queue_pressure,2,primary,1927,1927,0,ok,,252.62616910131393,0.13109816767063515,0.03632191297177824,632.4127972342238,20.878048780487806,75.0,29.591188375713525,19.121923165401263,74.50596782563571,0.7524649714582252,40232.0,10.905936568175658,29.0,"{""truck"": 104.31915061023453, ""bus"": 29.253917217429755, ""auto_rickshaw"": 15.840704810397296, ""two_wheeler"": 56.989782900605405, ""car"": 46.22261356264735}",2508,1301.5049299429165,0,84.89345192909241
balanced,queue_pressure,4,primary,1954,1954,0,ok,,259.92938884348507,0.1330242522228685,0.0363029872686429,651.9534495445247,21.042988741044013,81.0,29.641131013306083,24.5352932960892,74.51535312180144,0.7512794268167861,41118.0,11.02063789868668,28.0,"{""two_wheeler"": 55.96176693884316, ""car"": 47.39552958195541, ""truck"": 108.37510757669644, ""bus"": 32.751144668414284, ""auto_rickshaw"": 15.445840077575674}",2474,1266.1207778915045,0,85.76792621612549
balanced,queue_pressure,3,primary,1983,1983,0,ok,,262.34236985494283,0.1322956983635617,0.035142983235758984,656.9583626930466,21.467473524962177,80.0,30.402455874936987,20.605706630944262,75.27887039838629,0.7700453857791225,42570.0,11.517857142857142,32.0,"{""car"": 46.85341187192838, ""truck"": 106.33804066634762, ""bus"": 33.12645451785595, ""two_wheeler"": 59.445195109809454, ""auto_rickshaw"": 16.579267689001355}",2706,1364.5990922844176,0,88.32319903373718
balanced,queue_pressure,5,primary,1909,1909,0,ok,,245.32316853590495,0.12850873155364326,0.042549460339930484,612.3523701660921,21.39811419591409,73.0,30.03003143006812,21.67434438740098,74.95128339444736,0.7684651650078576,40849.0,10.998653742595584,32.0,"{""two_wheeler"": 54.861386945585075, ""car"": 48.97133020715941, ""auto_rickshaw"": 17.185955348548642, ""truck"": 103.20425884814522, ""bus"": 21.100237186466664}",2452,1284.442116291252,0,84.43990802764893
balanced,maxpressure,1,primary,1888,1888,0,ok,,245.61045543089114,0.1300902835968703,0.03609582849786744,613.7690538658964,22.038665254237287,77.0,30.726615466101705,23.220886485215246,75.61917372881356,0.788135593220339,41609.0,11.2335313174946,25.0,"{""bus"": 29.976054665449993, ""auto_rickshaw"": 14.32660466496486, ""two_wheeler"": 59.28436344077301, ""car"": 45.157419819006755, ""truck"": 96.86601284069648}",2554,1352.7542372881355,0,87.11024808883667
balanced,maxpressure,2,primary,1927,1927,0,ok,,252.62616910131393,0.13109816767063515,0.03632191297177824,632.4127972342238,20.878048780487806,75.0,29.591188375713525,19.121923165401263,74.50596782563571,0.7524649714582252,40232.0,10.905936568175658,29.0,"{""truck"": 104.31915061023453, ""bus"": 29.253917217429755, ""auto_rickshaw"": 15.840704810397296, ""two_wheeler"": 56.989782900605405, ""car"": 46.22261356264735}",2508,1301.5049299429165,0,87.99654698371887
balanced,maxpressure,3,primary,1983,1983,0,ok,,262.34236985494283,0.1322956983635617,0.035142983235758984,656.9583626930466,21.467473524962177,80.0,30.402455874936987,20.605706630944262,75.27887039838629,0.7700453857791225,42570.0,11.517857142857142,32.0,"{""car"": 46.85341187192838, ""truck"": 106.33804066634762, ""bus"": 33.12645451785595, ""two_wheeler"": 59.445195109809454, ""auto_rickshaw"": 16.579267689001355}",2706,1364.5990922844176,0,91.51113390922546
balanced,ours_count,1,primary,1888,1888,0,ok,,246.42201843934754,0.13052013688524763,0.03621509882419399,616.1709125732438,21.852754237288135,78.0,30.654909957627112,23.155943213214805,75.54078389830508,0.7796610169491526,41258.0,11.123753033162577,27.0,"{""bus"": 29.99938313161071, ""auto_rickshaw"": 14.571919456991893, ""two_wheeler"": 58.79831230534733, ""car"": 44.728027707420324, ""truck"": 98.32437583797733}",2516,1332.6271186440679,0,84.39630699157715
balanced,maxpressure,4,primary,1954,1954,0,ok,,259.92938884348507,0.1330242522228685,0.0363029872686429,651.9534495445247,21.042988741044013,81.0,29.641131013306083,24.5352932960892,74.51535312180144,0.7512794268167861,41118.0,11.02063789868668,28.0,"{""two_wheeler"": 55.96176693884316, ""car"": 47.39552958195541, ""truck"": 108.37510757669644, ""bus"": 32.751144668414284, ""auto_rickshaw"": 15.445840077575674}",2474,1266.1207778915045,0,88.31788229942322
balanced,maxpressure,5,primary,1909,1909,0,ok,,245.32316853590495,0.12850873155364326,0.042549460339930484,612.3523701660921,21.39811419591409,73.0,30.03003143006812,21.67434438740098,74.95128339444736,0.7684651650078576,40849.0,10.998653742595584,32.0,"{""two_wheeler"": 54.861386945585075, ""car"": 48.97133020715941, ""auto_rickshaw"": 17.185955348548642, ""truck"": 103.20425884814522, ""bus"": 21.100237186466664}",2452,1284.442116291252,0,87.84032487869263
balanced,ours_count,2,primary,1927,1927,0,ok,,254.41559915371028,0.132026776934982,0.03657919242490631,636.7245634977237,21.587441619097042,76.0,30.425651271406345,21.769438693351592,75.34042553191489,0.7758173326414115,41599.0,11.212668463611859,29.0,"{""truck"": 103.74808906502504, ""bus"": 30.324934767000002, ""auto_rickshaw"": 16.00272354262162, ""two_wheeler"": 57.45201382744059, ""car"": 46.887837951622984}",2556,1326.4141152049817,0,85.88088202476501
balanced,ours_count,3,primary,1983,1983,0,ok,,262.34236985494283,0.1322956983635617,0.035142983235758984,656.9583626930466,21.467473524962177,80.0,30.402455874936987,20.605706630944262,75.27887039838629,0.7700453857791225,42570.0,11.517857142857142,32.0,"{""car"": 46.85341187192838, ""truck"": 106.33804066634762, ""bus"": 33.12645451785595, ""two_wheeler"": 59.445195109809454, ""auto_rickshaw"": 16.579267689001355}",2706,1364.5990922844176,0,88.24185705184937
balanced,ours_count,5,primary,1909,1909,0,ok,,243.54899780488944,0.1275793597720741,0.04224174375691823,607.8307127907073,20.76322682032478,75.0,29.429209009952828,22.18265228250297,74.34206390780513,0.7716081718177056,39637.0,10.672320947765213,27.0,"{""two_wheeler"": 54.35889707682704, ""car"": 48.38455008952699, ""auto_rickshaw"": 17.65827318832433, ""truck"": 101.98378518945601, ""bus"": 21.16349226075477}",2482,1300.1571503404923,0,83.53640604019165
balanced,ours_count,4,primary,1954,1954,0,ok,,259.92938884348507,0.1330242522228685,0.0363029872686429,651.9534495445247,21.042988741044013,81.0,29.641131013306083,24.5352932960892,74.51535312180144,0.7512794268167861,41118.0,11.02063789868668,28.0,"{""two_wheeler"": 55.96176693884316, ""car"": 47.39552958195541, ""truck"": 108.37510757669644, ""bus"": 32.751144668414284, ""auto_rickshaw"": 15.445840077575674}",2474,1266.1207778915045,0,85.16543197631836
balanced,XtraFlow,1,primary,1888,1888,0,ok,,241.98551488076515,0.12817029389871035,0.035563093715943093,603.9951153626772,21.703389830508474,74.0,30.280021186440656,20.650770089941627,75.16472457627118,0.7664194915254238,40976.0,11.044743935309974,29.0,"{""bus"": 29.164891645176176, ""auto_rickshaw"": 14.542543185089185, ""two_wheeler"": 59.291510383617535, ""car"": 45.23354865487297, ""truck"": 93.75302101200951}",2524,1336.864406779661,0,83.80258107185364
balanced,XtraFlow,2,primary,1927,1927,0,ok,,252.1361587837729,0.13084388105021946,0.03625146060268159,630.772101553724,21.289050337311885,74.0,30.015070057083523,19.777547734069323,74.91229891022314,0.768033212247016,41024.0,11.066630698678177,33.0,"{""truck"": 102.45549252028815, ""bus"": 29.698649823086914, ""auto_rickshaw"": 15.623449570720261, ""two_wheeler"": 57.88629950535269, ""car"": 46.47226736432438}",2610,1354.4369486248054,0,84.94151401519775
balanced,XtraFlow,4,primary,1954,1954,0,ok,,257.7063118593125,0.1318865464991364,0.03599250165632829,645.3563409353715,21.503582395087,72.0,30.00872057318321,22.25540502793281,74.87154554759468,0.7553735926305015,42018.0,11.298198440440979,28.0,"{""two_wheeler"": 56.69207973682023, ""car"": 48.59406592475135, ""truck"": 105.46664798920719, ""bus"": 31.50242700375237, ""auto_rickshaw"": 15.451091204781083}",2536,1297.8505629477993,0,86.32928609848022
balanced,XtraFlow,3,primary,1983,1983,0,ok,,262.8964635074982,0.13257512027609591,0.035217208775284156,658.1031912112172,22.175995965708523,72.0,31.036106908724168,21.778151373074188,75.910741301059,0.789712556732224,43975.0,11.897997835497835,29.0,"{""car"": 47.47308283153651, ""truck"": 105.44050310914278, ""bus"": 33.64306478011309, ""two_wheeler"": 60.16552731949733, ""auto_rickshaw"": 16.17428546720811}",2726,1374.6848209783157,0,88.6163899898529
balanced,XtraFlow,5,primary,1909,1909,0,ok,,247.3791808975345,0.12958574169593215,0.04290606023614762,617.1197729400429,22.26925091671032,75.0,31.170330015715,23.272131261273604,76.08328968046098,0.7967522262964903,42512.0,11.443337819650067,34.0,"{""two_wheeler"": 55.45712473320541, ""car"": 49.99485359085541, ""auto_rickshaw"": 17.60538467704459, ""truck"": 102.63858563574874, ""bus"": 21.683232260679763}",2562,1342.0639078051336,0,85.89347910881042
peak_unbalanced,fixed,2,primary,1806,1806,0,ok,,266.43514668740386,0.14752776671506304,0.042178148567715484,664.1844070064259,35.57918050941307,93.0,45.90156699889263,35.60183001155602,90.8482834994463,0.8931339977851606,64256.0,16.873949579831933,44.0,"{""car"": 52.649699174658124, ""two_wheeler"": 61.4527934719743, ""truck"": 103.28353739330343, ""auto_rickshaw"": 19.51840000847567, ""bus"": 29.530716638991677}",3143,1740.3100775193798,0,56.341495990753174
peak_unbalanced,fixed,4,primary,1775,1775,0,ok,,261.036864977335,0.14706302252244224,0.03840302252031436,652.3136422686252,33.27042253521127,83.0,43.238507042253474,35.761287570064304,88.16056338028169,0.8614084507042253,59055.0,15.90064620355412,52.0,"{""two_wheeler"": 59.000051490502734, ""truck"": 100.36640079409995, ""car"": 51.02780805252025, ""auto_rickshaw"": 16.117534867979728, ""bus"": 34.52506977223214}",2985,1681.6901408450703,0,53.34327507019043
peak_unbalanced,fixed,1,primary,1788,1788,0,ok,,288.52014910477516,0.1613647366357803,0.043776195470166465,721.6444982931495,41.52964205816555,144.0,52.63690156599558,36.430327122655555,97.51789709172259,0.9552572706935123,74255.0,19.48438729992128,53.0,"{""bus"": 31.989093845714283, ""car"": 58.23572085294592, ""auto_rickshaw"": 18.051245644197298, ""two_wheeler"": 61.5450542814784, ""truck"": 118.69903448043937}",3078,1721.476510067114,0,59.50210118293762
peak_unbalanced,fixed,3,primary,1831,1831,0,ok,,276.64443961103353,0.15108926248554536,0.04406569601959717,688.3083574748773,39.392681594756965,135.0,50.089213544511175,39.358585536794834,95.00218459858002,0.9393773894046968,72128.0,18.432915921288014,57.0,"{""car"": 58.010887456223, ""two_wheeler"": 64.83814114179596, ""bus"": 29.691559762132144, ""truck"": 104.38131863680117, ""auto_rickshaw"": 19.72253261408108}",3227,1762.4249044238122,0,59.42665410041809
peak_unbalanced,fixed_tuned,1,primary,1788,1788,0,ok,,255.74267269237168,0.14303281470490586,0.03880297880262941,639.66796561133,30.05145413870246,81.0,39.49774608501118,30.270801723614493,84.37695749440716,0.802013422818792,53732.0,14.494739681683303,46.0,"{""bus"": 30.926524722298808, ""car"": 50.00430345728648, ""auto_rickshaw"": 15.725664903682437, ""two_wheeler"": 56.3103417273338, ""truck"": 102.77583788177027}",2768,1548.0984340044743,0,51.68479609489441
peak_unbalanced,fixed_tuned,2,primary,1806,1806,0,ok,,247.55981732794632,0.13707631081281635,0.03919008015449738,617.665194869289,28.5,77.0,37.60541528239198,27.510978486282635,82.55094130675526,0.7724252491694352,51471.0,13.732924226254003,39.0,"{""car"": 47.091475947785135, ""two_wheeler"": 57.630695893420324, ""bus"": 27.254777294502368, ""truck"": 97.67525004543454, ""auto_rickshaw"": 17.907618146804047}",2656,1470.653377630122,0,50.79397702217102
peak_unbalanced,fixed_tuned,3,primary,1831,1831,0,ok,,245.42671304873826,0.13403971220575547,0.03909313683477795,611.1946839676554,27.620972146368103,78.0,36.59254505734572,26.705941382605705,81.51283451665756,0.7520480611687602,50574.0,13.4864,38.0,"{""car"": 49.469427429014864, ""two_wheeler"": 58.29882901453381, ""bus"": 26.49685417999167, ""truck"": 94.05830650521551, ""auto_rickshaw"": 17.10329591998243}",2761,1507.9191698525397,0,51.09346890449524
peak_unbalanced,fixed,5,primary,1807,1807,0,ok,,268.81666612948635,0.14876406537326306,0.04877731598582572,670.7046179760072,34.99114554510238,96.0,45.466358605423316,34.31906515940527,90.38461538461539,0.8909795240730493,63229.0,16.595538057742782,42.0,"{""truck"": 112.91861088424528, ""auto_rickshaw"": 19.926390988778376, ""car"": 53.665377952895966, ""two_wheeler"": 59.88206118378511, ""bus"": 22.42422511978214}",3196,1768.677365799668,0,56.065402030944824
peak_unbalanced,fixed_tuned,4,primary,1775,1775,0,ok,,248.48855399591142,0.13999355154699233,0.03655694967059117,621.9761449790111,27.709295774647888,76.0,36.83392112676059,27.78744501493221,81.75154929577465,0.7673239436619719,49184.0,13.232176486413774,37.0,"{""two_wheeler"": 55.90426844801492, ""bus"": 32.10958974669048, ""car"": 45.980202703383796, ""truck"": 99.18679899094525, ""auto_rickshaw"": 15.307694106877028}",2677,1508.1690140845071,0,49.761900901794434
peak_unbalanced,webster,1,primary,1788,1788,0,ok,,250.58401699722177,0.14014766051298758,0.03802027325927354,627.4448417052573,26.1582774049217,61.0,35.697298657718136,25.9760727074101,80.57606263982103,0.8098434004474273,46771.0,12.603341417407707,36.0,"{""bus"": 30.534690300252382, ""car"": 48.37451831712434, ""auto_rickshaw"": 14.773394430300007, ""two_wheeler"": 54.47558752568649, ""truck"": 102.42582642385831}",2814,1573.8255033557048,0,49.351624965667725
peak_unbalanced,fixed_tuned,5,primary,1807,1807,0,ok,,244.2133184350089,0.13514848834256163,0.04431298986318644,609.4485970054077,26.823464305478694,76.0,35.83184836745988,26.82586053600891,80.75484228002213,0.7548422800221362,48470.0,13.064690026954178,40.0,"{""truck"": 102.25396093400114, ""auto_rickshaw"": 16.874498551282436, ""car"": 47.796754196728365, ""two_wheeler"": 56.177611403101395, ""bus"": 21.110493349895233}",2778,1537.354731599336,0,50.07685995101929
peak_unbalanced,webster,2,primary,1806,1806,0,ok,,244.2188495775336,0.13522638404071627,0.0386611865911336,609.5629829121159,25.702104097452935,63.0,35.245609080841625,25.00360936535305,80.17884828349945,0.8039867109634552,46418.0,12.521715673050984,36.0,"{""two_wheeler"": 56.821666227164876, ""car"": 46.60324354782568, ""truck"": 96.52844551802507, ""auto_rickshaw"": 16.857898344663504, ""bus"": 27.407595939854755}",2849,1577.5193798449613,0,49.37351107597351
peak_unbalanced,webster,4,primary,1775,1775,0,ok,,250.2535757146486,0.14098792998008372,0.0368166147903795,626.2503189457202,27.08394366197183,61.0,36.9400957746478,28.61442043164178,81.85126760563381,0.8602816901408451,48074.0,13.014076881429345,35.0,"{""two_wheeler"": 55.94791082246614, ""car"": 47.57524986423109, ""truck"": 98.81037416448454, ""auto_rickshaw"": 14.884649916449995, ""bus"": 33.03539094701666}",2840,1600.0,0,49.38503909111023
peak_unbalanced,webster,3,primary,1831,1831,0,ok,,249.51888063882333,0.1362746480823721,0.039744963465884194,622.4209114783591,26.564718732932825,63.0,36.26008738394319,26.631570563873552,81.17640633533588,0.8192244675040962,48641.0,13.121391961154572,38.0,"{""two_wheeler"": 58.33825188415402, ""car"": 49.37305954373243, ""bus"": 27.97983528426309, ""truck"": 97.58310829105474, ""auto_rickshaw"": 16.244625635618917}",2954,1613.3260513380667,0,50.646324157714844
peak_unbalanced,actuated,1,primary,1788,1788,0,ok,,247.0574283238909,0.13817529548316046,0.03748519577652018,618.4936508191606,25.703579418344518,61.0,34.936991051454086,25.721551253261957,79.82494407158836,0.7751677852348994,45958.0,12.414370610480821,37.0,"{""auto_rickshaw"": 14.518238025564862, ""two_wheeler"": 54.78859570901894, ""car"": 46.99661817544596, ""bus"": 30.301915616814284, ""truck"": 100.45206079704653}",2753,1539.7091722595078,0,48.484665870666504
peak_unbalanced,webster,5,primary,1807,1807,0,ok,,250.4081807978983,0.13857674642938478,0.045437059896916446,625.6132116856094,26.580520199225234,61.0,36.41543442169339,26.8548565622106,81.33757609297177,0.8345323741007195,48031.0,12.946361185983827,36.0,"{""two_wheeler"": 56.011884269387835, ""car"": 48.36149023626489, ""truck"": 106.94993408251781, ""auto_rickshaw"": 17.535012941594598, ""bus"": 21.549859268133336}",3144,1739.9003873824017,0,49.99641180038452
peak_unbalanced,actuated,2,primary,1806,1806,0,ok,,240.33653953322582,0.13307671070499769,0.03804659556637339,599.9975402435173,24.200996677740864,61.0,33.49101882613514,23.499754626478033,78.42691029900332,0.778516057585825,43707.0,11.793577981651376,36.0,"{""two_wheeler"": 55.58979728657572, ""car"": 46.311099964296, ""truck"": 95.28126060867739, ""auto_rickshaw"": 16.109830531637847, ""bus"": 27.04455114203928}",2802,1551.4950166112956,0,48.33883094787598
peak_unbalanced,actuated,4,primary,1775,1775,0,ok,,243.11523753694712,0.13696633100673078,0.035766442195716695,608.7809983978858,24.64845070422535,61.0,33.94474929577461,27.860194488988085,78.85352112676057,0.7797183098591549,43751.0,11.834189883689477,37.0,"{""two_wheeler"": 54.6646224635365, ""car"": 45.045602862352744, ""truck"": 96.05124944738452, ""auto_rickshaw"": 14.14739213563513, ""bus"": 33.20637062803808}",2639,1486.7605633802816,0,47.74611806869507
peak_unbalanced,actuated,3,primary,1831,1831,0,ok,,250.07554682097472,0.1365786711201391,0.03983363281633839,624.173622483465,26.546149645002732,62.0,36.11299290005462,28.6981841350746,81.03659202621519,0.815401419989077,48606.0,13.111950364175884,41.0,"{""two_wheeler"": 58.00028695506216, ""car"": 49.30625799038512, ""truck"": 98.52027452925952, ""bus"": 28.372657586586907, ""auto_rickshaw"": 15.876069759681076}",2879,1572.364827962862,0,50.62291693687439
peak_unbalanced,actuated,5,primary,1807,1807,0,ok,,245.30789559120723,0.13575423109640689,0.04451160305405548,612.8340134243933,25.50470392916436,62.0,34.995866076369644,27.24791783854383,79.92252351964582,0.7830658550083011,46087.0,12.415678879310345,38.0,"{""two_wheeler"": 55.60345430461899, ""car"": 46.51786895698103, ""truck"": 104.16838733024407, ""auto_rickshaw"": 17.387407982521605, ""bus"": 21.630777016841673}",2889,1598.7825124515773,0,48.943097829818726
peak_unbalanced,queue_pressure,1,primary,1788,1788,0,ok,,229.45065355401493,0.12832810601454975,0.03481377883625863,574.6245942642394,18.430648769574944,67.0,26.994300894854536,17.005644231352687,71.88590604026845,0.7315436241610739,32954.0,8.92578548212351,26.0,"{""bus"": 28.437481486571418, ""car"": 43.68749293221625, ""auto_rickshaw"": 13.055552915260813, ""two_wheeler"": 50.653108135310795, ""truck"": 93.61701808465594}",2216,1239.3736017897093,0,75.27060413360596
peak_unbalanced,queue_pressure,2,primary,1806,1806,0,ok,,224.15532883347663,0.12411701485796048,0.03548502094911665,559.8027329186137,18.21262458471761,70.0,26.746162790697678,19.065190204055625,71.6921373200443,0.7236987818383167,32892.0,8.88972972972973,28.0,"{""car"": 41.56171624974456, ""two_wheeler"": 52.76518178999868, ""bus"": 26.21431772656072, ""truck"": 88.49703538053454, ""auto_rickshaw"": 15.117077686637833}",2208,1222.591362126246,0,76.41225600242615
peak_unbalanced,queue_pressure,3,primary,1831,1831,0,ok,,223.4526796251333,0.12203860165217548,0.03559297222445544,557.5412692480053,17.747132714363737,63.0,26.132299290005477,16.99423383243056,71.03331512834517,0.7165483342435828,32496.0,8.761391210568886,32.0,"{""car"": 42.39181730613646, ""two_wheeler"": 54.47339493999993, ""bus"": 25.22096978116309, ""truck"": 87.64982836339173, ""auto_rickshaw"": 13.716669234441898}",2184,1192.790824685964,0,76.58093285560608
peak_unbalanced,queue_pressure,4,primary,1775,1775,0,ok,,228.31830619604753,0.1286300316597451,0.03358955853001128,571.6421461730844,19.12901408450704,74.0,27.824546478873227,19.020714107071772,72.7369014084507,0.7301408450704225,33954.0,9.156957928802589,30.0,"{""two_wheeler"": 51.96072288094055, ""bus"": 30.22846976043096, ""car"": 42.18400797188244, ""truck"": 90.88870574957738, ""auto_rickshaw"": 13.056399833216217}",2180,1228.1690140845071,0,76.52670693397522
peak_unbalanced,queue_pressure,5,primary,1807,1807,0,ok,,223.89906352364474,0.12390650997434684,0.04062692811301606,559.7623874647794,17.038184836745987,70.0,25.601300498063118,17.394658053745918,70.51245157719978,0.7149972329828445,30788.0,8.37996733805117,24.0,"{""truck"": 96.41784896420711, ""auto_rickshaw"": 15.22191996375135, ""car"": 41.23695632340405, ""two_wheeler"": 51.44087067366075, ""bus"": 19.581467598621433}",2254,1247.3713337022689,0,74.7892050743103
peak_unbalanced,maxpressure,1,primary,1788,1788,0,ok,,229.45065355401493,0.12832810601454975,0.03481377883625863,574.6245942642394,18.430648769574944,67.0,26.994300894854536,17.005644231352687,71.88590604026845,0.7315436241610739,32954.0,8.92578548212351,26.0,"{""bus"": 28.437481486571418, ""car"": 43.68749293221625, ""auto_rickshaw"": 13.055552915260813, ""two_wheeler"": 50.653108135310795, ""truck"": 93.61701808465594}",2216,1239.3736017897093,0,78.88616108894348
peak_unbalanced,maxpressure,3,primary,1831,1831,0,ok,,223.4526796251333,0.12203860165217548,0.03559297222445544,557.5412692480053,17.747132714363737,63.0,26.132299290005477,16.99423383243056,71.03331512834517,0.7165483342435828,32496.0,8.761391210568886,32.0,"{""car"": 42.39181730613646, ""two_wheeler"": 54.47339493999993, ""bus"": 25.22096978116309, ""truck"": 87.64982836339173, ""auto_rickshaw"": 13.716669234441898}",2184,1192.790824685964,0,78.88641715049744
peak_unbalanced,maxpressure,2,primary,1806,1806,0,ok,,224.15532883347663,0.12411701485796048,0.03548502094911665,559.8027329186137,18.21262458471761,70.0,26.746162790697678,19.065190204055625,71.6921373200443,0.7236987818383167,32892.0,8.88972972972973,28.0,"{""car"": 41.56171624974456, ""two_wheeler"": 52.76518178999868, ""bus"": 26.21431772656072, ""truck"": 88.49703538053454, ""auto_rickshaw"": 15.117077686637833}",2208,1222.591362126246,0,79.57454109191895
peak_unbalanced,ours_count,1,primary,1788,1788,0,ok,,229.30754401713645,0.12824806712367812,0.034792065305749666,574.1922215941269,18.54082774049217,69.0,27.01884228187918,16.71765187837581,71.9082774049217,0.7108501118568232,33151.0,8.940399137001078,26.0,"{""bus"": 28.395341216922617, ""car"": 43.81007848715133, ""auto_rickshaw"": 13.100931643312157, ""two_wheeler"": 50.629830923154024, ""truck"": 93.37136174659645}",2126,1189.0380313199105,0,75.24476528167725
peak_unbalanced,ours_count,2,primary,1806,1806,0,ok,,223.85889430020185,0.12395287613521698,0.03543809373271703,559.2055556622876,18.132336655592468,72.0,26.545210409745287,19.772103405151103,71.47895902547066,0.7120708748615725,32747.0,8.855327203893998,28.0,"{""car"": 41.23229488063106, ""two_wheeler"": 52.48352559424201, ""bus"": 26.242066116764303, ""truck"": 88.72746963987377, ""auto_rickshaw"": 15.173538068690545}",2116,1171.6500553709857,0,75.45444083213806
peak_unbalanced,maxpressure,4,primary,1775,1775,0,ok,,228.31830619604753,0.1286300316597451,0.03358955853001128,571.6421461730844,19.12901408450704,74.0,27.824546478873227,19.020714107071772,72.7369014084507,0.7301408450704225,33954.0,9.156957928802589,30.0,"{""two_wheeler"": 51.96072288094055, ""bus"": 30.22846976043096, ""car"": 42.18400797188244, ""truck"": 90.88870574957738, ""auto_rickshaw"": 13.056399833216217}",2180,1228.1690140845071,0,78.40283489227295
peak_unbalanced,maxpressure,5,primary,1807,1807,0,ok,,223.89906352364474,0.12390650997434684,0.04062692811301606,559.7623874647794,17.038184836745987,70.0,25.601300498063118,17.394658053745918,70.51245157719978,0.7149972329828445,30788.0,8.37996733805117,24.0,"{""truck"": 96.41784896420711, ""auto_rickshaw"": 15.22191996375135, ""car"": 41.23695632340405, ""two_wheeler"": 51.44087067366075, ""bus"": 19.581467598621433}",2254,1247.3713337022689,0,77.33708715438843
peak_unbalanced,ours_count,3,primary,1831,1831,0,ok,,224.05824683688624,0.12236933196989964,0.035689430843721594,559.0052415576001,18.01638448935008,66.0,26.45567995630798,18.008505893596507,71.35172037138176,0.7105406881485528,32988.0,8.896440129449838,30.0,"{""car"": 42.454089776945956, ""two_wheeler"": 54.50833503314601, ""bus"": 25.421374927460725, ""truck"": 87.62479168128098, ""auto_rickshaw"": 14.049655418052703}",2272,1240.8519934462042,0,76.22615718841553
peak_unbalanced,ours_count,4,primary,1775,1775,0,ok,,228.22821431176368,0.12857927566859925,0.033576304460853836,571.7478596040808,18.88338028169014,71.0,27.548174647887265,20.224912833036495,72.45352112676056,0.7312676056338028,33518.0,9.103204780010863,30.0,"{""two_wheeler"": 51.720955548048686, ""bus"": 30.422817227279776, ""car"": 41.27382258043245, ""truck"": 91.5977265066679, ""auto_rickshaw"": 13.212892449335133}",2148,1210.1408450704225,0,75.70477104187012
peak_unbalanced,ours_count,5,primary,1807,1807,0,ok,,225.63600492223188,0.1248677393039468,0.040942099566734405,564.422555965657,17.559490868843387,72.0,26.017155506364173,18.455135998257905,70.92805755395683,0.7033757609297178,31730.0,8.60591266612422,31.0,"{""truck"": 97.81874596136899, ""auto_rickshaw"": 15.420247638351348, ""car"": 41.36392414249726, ""two_wheeler"": 51.03741729732978, ""bus"": 19.995669882684528}",2178,1205.3126729385722,0,74.3279390335083
peak_unbalanced,XtraFlow,1,primary,1788,1788,0,ok,,225.00359186978025,0.12584093505021268,0.034139041067818586,562.7553761596265,17.76510067114094,70.0,26.255615212527996,13.858454208897152,71.13926174496645,0.7281879194630873,31764.0,8.568653898030753,24.0,"{""bus"": 26.703210154103576, ""car"": 43.02311410286755, ""auto_rickshaw"": 13.476726722116213, ""two_wheeler"": 50.948972001718865, ""truck"": 90.85156888897373}",2186,1222.5950782997763,0,74.10185599327087
dynamic,fixed,1,primary,1728,1728,0,ok,,250.34441086226775,0.14487523776751607,0.0403488453319793,625.6118520572074,32.5931712962963,86.0,42.16739583333336,31.418615520992553,87.07754629629629,0.8292824074074074,56321.0,14.78241469816273,44.0,"{""bus"": 28.48857731928691, ""car"": 47.11215893452298, ""two_wheeler"": 59.11132425820671, ""auto_rickshaw"": 14.895543421297301, ""truck"": 100.73680692895356}",2850,1649.3055555555557,0,51.489712715148926
dynamic,fixed,2,primary,1733,1733,0,ok,,246.487138181428,0.14223147038743683,0.03974252885013561,613.3882026784562,33.60184650894403,87.0,43.31518753606459,31.38957772367393,88.24235429890363,0.8574725908828621,58232.0,15.700188730115935,44.0,"{""auto_rickshaw"": 15.774262730679734, ""truck"": 91.7063613457083, ""two_wheeler"": 58.646645148083806, ""bus"": 28.159250688165482, ""car"": 52.20061826879054}",2919,1684.3623773802653,0,52.28853702545166
dynamic,fixed,3,primary,1781,1781,0,ok,,254.6801334951157,0.14299839050820645,0.03793100300777649,635.3969389052024,31.877035373385738,84.0,41.65692307692301,31.007223388886178,86.58618753509265,0.8382930937675463,56773.0,15.273876782351358,41.0,"{""truck"": 96.43324248084163, ""car"": 47.54673849132028, ""bus"": 32.17536939096072, ""two_wheeler"": 60.7422815324297, ""auto_rickshaw"": 17.782501599563506}",2969,1667.0409882088713,0,52.44077110290527
peak_unbalanced,XtraFlow,2,primary,1806,1806,0,ok,,219.02438908651666,0.12127596294934477,0.034672764977523,546.0608768903339,17.775193798449614,71.0,26.08636212624589,16.26791622473038,71.02934662236987,0.6965669988925803,32102.0,8.669187145557656,28.0,"{""car"": 41.36423898244054, ""two_wheeler"": 53.29736608389053, ""bus"": 24.96725284391072, ""truck"": 84.44931629313689, ""auto_rickshaw"": 14.946214883137836}",2165,1198.781838316722,0,74.76136112213135
dynamic,fixed,4,primary,1794,1794,0,ok,,266.5333712649559,0.14856932623464655,0.03722533118225612,667.9966139580046,32.34113712374582,77.0,41.932224080267645,33.431983240223204,86.79821627647715,0.8405797101449275,58020.0,15.643030466433,43.0,"{""two_wheeler"": 59.36529430231212, ""car"": 48.83312559353109, ""truck"": 106.28327917676431, ""bus"": 37.09156699993215, ""auto_rickshaw"": 14.960105192416208}",2933,1634.8940914158306,0,53.248189210891724
peak_unbalanced,XtraFlow,3,primary,1831,1831,0,ok,,222.98876569757263,0.1217852352253264,0.03551907704644322,555.6519720993693,18.508465319497542,73.0,26.861256144183542,18.001911436763137,71.76351720371382,0.70999453850355,33889.0,9.166621585068976,28.0,"{""car"": 43.066222528520235, ""two_wheeler"": 55.0068803486825, ""bus"": 25.379769471614303, ""truck"": 85.17730427465713, ""auto_rickshaw"": 14.358589074098647}",2265,1237.028945931185,0,76.66596913337708
peak_unbalanced,XtraFlow,5,primary,1807,1807,0,ok,,223.85313382776624,0.12388109232305825,0.04061859407881625,558.8949754999338,18.16934144991699,71.0,26.770957387935844,19.205947995862708,71.68843386828998,0.7365799667957942,32832.0,8.936309199782254,32.0,"{""truck"": 93.42321578706547, ""auto_rickshaw"": 15.92194860691216, ""car"": 41.11384357686752, ""two_wheeler"": 52.95262836014317, ""bus"": 20.441497496777377}",2306,1276.1483121195351,0,75.79871010780334
peak_unbalanced,XtraFlow,4,primary,1775,1775,0,ok,,230.6248038446064,0.12992946695470783,0.033928884092890486,577.562815614733,19.64281690140845,68.0,28.692625352112703,21.49272505259423,73.61070422535211,0.7718309859154929,34866.0,9.435994587280108,30.0,"{""car"": 41.86814110142838, ""truck"": 91.0135598750071, ""two_wheeler"": 52.720958529422994, ""auto_rickshaw"": 13.228437752624323, ""bus"": 31.79370658612382}",2300,1295.774647887324,0,76.48726081848145
dynamic,fixed,5,primary,1750,1750,0,ok,,246.47572542794512,0.1408432716731115,0.04291684376520407,615.3502022650754,30.517714285714284,73.0,39.88282285714285,32.716895056676506,84.80457142857144,0.7965714285714286,53406.0,14.348737238044063,45.0,"{""auto_rickshaw"": 16.35722460546622, ""two_wheeler"": 55.02015554946752, ""car"": 49.709719030067525, ""truck"": 100.4529178638547, ""bus"": 24.935708379089284}",2700,1542.857142857143,0,50.74881315231323
dynamic,fixed_tuned,1,primary,1728,1728,0,ok,,253.35286306292875,0.14661624019845412,0.04083372762719422,632.2869887695482,34.383101851851855,92.0,44.03849537037039,32.62162946248663,88.94039351851852,0.8333333333333334,59414.0,16.031840259039395,48.0,"{""bus"": 28.554404191359524, ""car"": 50.33933614420542, ""two_wheeler"": 59.36443078102578, ""auto_rickshaw"": 15.289785052682431, ""truck"": 99.8049068936559}",2903,1679.976851851852,0,52.56157207489014
dynamic,fixed_tuned,2,primary,1733,1733,0,ok,,257.64922344319973,0.14867237359676846,0.041542255597813264,641.8421787606169,37.77726485862666,96.0,47.71809578765153,40.17990680575899,92.65551067512983,0.8574725908828621,65468.0,17.43024494142705,52.0,"{""auto_rickshaw"": 14.860430410513517, ""two_wheeler"": 59.84371651288647, ""bus"": 30.497159362748818, ""truck"": 96.7591951170619, ""car"": 55.6887220399892}",2923,1686.6705135603002,0,54.85494112968445
dynamic,webster,1,primary,1728,1728,0,ok,,253.30703405955384,0.14658971878446403,0.040826341213563,632.5453671958077,32.4375,70.0,42.95116319444449,31.9671206382462,87.87905092592592,0.9427083333333334,56052.0,15.128744939271256,40.0,"{""two_wheeler"": 59.89602554232569, ""bus"": 29.582564382871418, ""car"": 49.281284603362224, ""auto_rickshaw"": 14.684584376262162, ""truck"": 99.86257515473214}",3032,1754.6296296296296,0,51.97673988342285
dynamic,fixed_tuned,4,primary,1794,1794,0,ok,,270.2226709709775,0.15062579206854934,0.03774059650432617,676.611770958093,34.60646599777034,94.0,44.32238015607575,33.60005586592156,89.1850613154961,0.8193979933110368,62084.0,16.72071101535147,53.0,"{""two_wheeler"": 60.13894821560007, ""car"": 51.13135317674189, ""bus"": 35.91446928448928, ""auto_rickshaw"": 15.466738903939182, ""truck"": 107.57116139020712}",2968,1654.4035674470458,0,54.90284514427185
dynamic,webster,2,primary,1733,1733,0,ok,,252.10776051631055,0.1454747608288001,0.040648773885669134,628.3682940685152,33.13791113675707,74.0,44.031304096941675,34.016284806758726,88.95383727639931,0.9590305828043855,57428.0,15.51269584008644,39.0,"{""two_wheeler"": 59.251330040424435, ""truck"": 95.21089404842738, ""bus"": 30.27933030596667, ""car"": 51.54072338539865, ""auto_rickshaw"": 15.82548273609325}",3196,1844.200807847663,0,52.56350302696228
dynamic,fixed_tuned,3,primary,1781,1781,0,ok,,272.99291089513173,0.153280691125846,0.040658432136653044,681.9272375215928,37.8349241998877,101.0,48.07923076923081,42.203416588475044,93.01403705783268,0.8697361033127456,67384.0,17.92127659574468,56.0,"{""truck"": 104.86556392165119, ""car"": 52.09887175442163, ""bus"": 35.41292958252143, ""two_wheeler"": 61.910663446654105, ""auto_rickshaw"": 18.704882189883776}",3104,1742.841100505334,0,56.92516779899597
dynamic,fixed_tuned,5,primary,1750,1750,0,ok,,268.648997086474,0.1535137126208423,0.04677769794822871,669.4948948581305,39.932,112.0,50.39081142857136,44.36327070745735,95.30857142857143,0.8862857142857142,69881.0,18.570555407919212,78.0,"{""auto_rickshaw"": 18.417013626018914, ""truck"": 105.05630548432492, ""two_wheeler"": 59.20398846555002, ""car"": 57.789294160371604, ""bus"": 28.18239535020833}",2988,1707.4285714285713,0,57.65060997009277
dynamic,webster,3,primary,1781,1781,0,ok,,279.3369735943773,0.15684277012598388,0.04160329052833134,697.8830707895056,37.6064008983717,103.0,49.5951207186974,38.40117361452392,94.52554744525547,1.0606400898371702,66977.0,18.07258499730167,57.0,"{""two_wheeler"": 63.682433538700025, ""truck"": 108.5799829236047, ""car"": 52.453029541999996, ""bus"": 35.23372994217382, ""auto_rickshaw"": 19.387797647898648}",3519,1975.8562605277934,0,57.669203758239746
dynamic,actuated,1,primary,1728,1728,0,ok,,233.624600639165,0.13519942166618346,0.037654057641899094,583.5912387505964,25.91898148148148,61.0,34.92043981481482,25.8179547102907,79.83391203703704,0.7887731481481481,44788.0,12.114687584527996,34.0,"{""two_wheeler"": 57.046142622305446, ""bus"": 27.97085941025596, ""car"": 43.63742476062699, ""auto_rickshaw"": 12.957487023406758, ""truck"": 92.01268682257023}",2647,1531.8287037037037,0,47.076953172683716
dynamic,actuated,2,primary,1733,1733,0,ok,,228.37877339131427,0.13178232740410517,0.03682281378747721,568.5918534880768,25.519907674552798,61.0,34.76183496826314,25.465632608309885,79.69590305828044,0.8061165608770917,44226.0,12.001628222523745,37.0,"{""two_wheeler"": 55.23422396243785, ""truck"": 84.65057488341195, ""bus"": 27.223468154523818, ""car"": 46.80379049236211, ""auto_rickshaw"": 14.46671589857839}",2767,1596.6532025389497,0,47.12938189506531
dynamic,actuated,3,primary,1781,1781,0,ok,,248.89865943495474,0.1397521950785821,0.03706993423513289,622.8808123179073,26.903986524424482,63.0,36.382886019090435,28.28771428145875,81.30993823694554,0.811341942728804,47916.0,12.985365853658537,35.0,"{""two_wheeler"": 57.74461687063515, ""truck"": 98.84878923847266, ""car"": 43.62059322438919, ""bus"": 32.323376080892864, ""auto_rickshaw"": 16.361284020564863}",2892,1623.8068500842223,0,49.14301896095276
dynamic,actuated,4,primary,1794,1794,0,ok,,251.30733148373142,0.14008212457287147,0.03509878931337004,630.1549692145958,25.241360089186177,61.0,34.6911148272018,25.567821229050057,79.56075808249722,0.806577480490524,45283.0,12.30850774667029,37.0,"{""truck"": 101.23130188496788, ""two_wheeler"": 55.61995555398375, ""car"": 44.96872143508113, ""bus"": 34.86723711897976, ""auto_rickshaw"": 14.620115490718922}",2820,1571.9063545150502,0,48.517476081848145
dynamic,webster,4,primary,1794,1794,0,ok,,279.04225770132086,0.15554194966628812,0.03897238236051937,698.854918584796,35.42251950947603,81.0,46.749219620958804,35.06670391061422,91.61315496098105,1.0011148272017838,63548.0,16.896570061153948,48.0,"{""truck"": 110.63568460208575, ""two_wheeler"": 62.20943922705538, ""car"": 52.12519485792027, ""auto_rickshaw"": 16.044019637785134, ""bus"": 38.02791937647381}",3342,1862.876254180602,0,56.17616009712219
dynamic,actuated,5,primary,1750,1750,0,ok,,236.83379326844562,0.1353335961533975,0.041237971351438085,591.0845415098455,25.76742857142857,60.0,35.18564571428577,27.273806829064277,80.11142857142858,0.8137142857142857,45093.0,12.174136069114471,42.0,"{""two_wheeler"": 53.19717077874459, ""car"": 47.94235667220404, ""truck"": 95.32295621897266, ""auto_rickshaw"": 15.728823420225678, ""bus"": 24.64248617829881}",2706,1546.2857142857142,0,47.64534783363342
dynamic,webster,5,primary,1750,1750,0,ok,,263.480654829755,0.15056037418843143,0.045877775910179754,657.4262090093688,35.10914285714286,91.0,46.31798857142861,37.0402570040568,91.23942857142858,0.9902857142857143,61441.0,16.565381504448638,58.0,"{""two_wheeler"": 58.08218912080949, ""car"": 55.1070491439595, ""truck"": 105.85579008197384, ""auto_rickshaw"": 17.31597607256352, ""bus"": 27.1196504104488}",3135,1791.4285714285713,0,54.410118103027344
dynamic,queue_pressure,1,primary,1728,1728,0,ok,,218.16966501780297,0.12625559318159893,0.03516313401850287,545.5471056673925,18.91550925925926,71.0,27.304004629629635,18.3700056410668,72.21296296296296,0.7314814814814815,32686.0,8.848402815376286,24.0,"{""bus"": 26.390116270977376, ""car"": 39.60184122688649, ""two_wheeler"": 52.33873642454726, ""auto_rickshaw"": 12.55980472548108, ""truck"": 87.27916636991074}",2076,1201.388888888889,0,73.04040002822876
dynamic,queue_pressure,2,primary,1733,1733,0,ok,,210.83405321779827,0.12165842655383628,0.0339939783650371,525.3980344075188,18.1667628390075,65.0,26.46257934218115,16.215975234194755,71.39296018465089,0.7184073860357761,31483.0,8.479127390250472,24.0,"{""two_wheeler"": 51.218949407525685, ""bus"": 25.430735843432142, ""truck"": 79.26295106543328, ""auto_rickshaw"": 12.312011926677025, ""car"": 42.60940497472974}",2061,1189.267166762839,0,72.18649005889893
dynamic,queue_pressure,3,primary,1781,1781,0,ok,,225.40095720215788,0.1265586508715092,0.03357028390184474,564.1899865443465,18.335766423357665,66.0,26.81039865244245,18.084446628836815,71.74171813587871,0.7282425603593486,32656.0,8.828331981616653,24.0,"{""truck"": 89.83634423766313, ""car"": 38.606652480447316, ""bus"": 29.29050031904048, ""two_wheeler"": 53.78179314246355, ""auto_rickshaw"": 13.885667022543243}",2222,1247.6137001684447,0,74.63097190856934
dynamic,queue_pressure,5,primary,1750,1750,0,ok,,220.63595010970968,0.12607768577697695,0.0384175706691,551.5021223600276,18.586285714285715,67.0,27.239462857142815,20.666382267416406,72.16057142857143,0.736,32526.0,8.809859154929578,29.0,"{""auto_rickshaw"": 14.008510645302703, ""truck"": 90.64828418465473, ""car"": 43.27310719003243, ""two_wheeler"": 49.155065983516195, ""bus"": 23.55098210620357}",2146,1226.2857142857142,0,74.04103016853333
dynamic,queue_pressure,4,primary,1794,1794,0,ok,,234.31272199340862,0.13060909810111962,0.032725240501872456,588.328827836474,18.79041248606466,72.0,27.277881828316612,16.757039106145125,72.13823857302118,0.7190635451505016,33710.0,9.150380021715527,25.0,"{""two_wheeler"": 52.77999114858241, ""car"": 39.728316539173015, ""bus"": 32.40914379001666, ""auto_rickshaw"": 12.651058731140543, ""truck"": 96.74421178449643}",2193,1222.408026755853,0,75.29814887046814
dynamic,maxpressure,1,primary,1728,1728,0,ok,,218.16966501780297,0.12625559318159893,0.03516313401850287,545.5471056673925,18.91550925925926,71.0,27.304004629629635,18.3700056410668,72.21296296296296,0.7314814814814815,32686.0,8.848402815376286,24.0,"{""bus"": 26.390116270977376, ""car"": 39.60184122688649, ""two_wheeler"": 52.33873642454726, ""auto_rickshaw"": 12.55980472548108, ""truck"": 87.27916636991074}",2076,1201.388888888889,0,76.23840093612671
dynamic,maxpressure,2,primary,1733,1733,0,ok,,210.83405321779827,0.12165842655383628,0.0339939783650371,525.3980344075188,18.1667628390075,65.0,26.46257934218115,16.215975234194755,71.39296018465089,0.7184073860357761,31483.0,8.479127390250472,24.0,"{""two_wheeler"": 51.218949407525685, ""bus"": 25.430735843432142, ""truck"": 79.26295106543328, ""auto_rickshaw"": 12.312011926677025, ""car"": 42.60940497472974}",2061,1189.267166762839,0,75.26544499397278
dynamic,maxpressure,3,primary,1781,1781,0,ok,,225.40095720215788,0.1265586508715092,0.03357028390184474,564.1899865443465,18.335766423357665,66.0,26.81039865244245,18.084446628836815,71.74171813587871,0.7282425603593486,32656.0,8.828331981616653,24.0,"{""truck"": 89.83634423766313, ""car"": 38.606652480447316, ""bus"": 29.29050031904048, ""two_wheeler"": 53.78179314246355, ""auto_rickshaw"": 13.885667022543243}",2222,1247.6137001684447,0,77.17320394515991
dynamic,ours_count,1,primary,1728,1728,0,ok,,217.75947386534511,0.1260182140424451,0.03509702213963142,544.0822561343705,19.25,73.0,27.586359953703656,18.682375695059886,72.5011574074074,0.7291666666666666,33264.0,8.973293768545995,24.0,"{""bus"": 26.16073547600596, ""car"": 40.57665890802568, ""two_wheeler"": 52.83199339892702, ""auto_rickshaw"": 12.156261334445938, ""truck"": 86.03382474794046}",2134,1234.9537037037037,0,73.37525606155396
dynamic,ours_count,2,primary,1733,1733,0,ok,,210.21081081646284,0.12129879446997278,0.0338934894336533,524.0110975216807,17.7934218118869,63.0,26.03800346220431,17.26381386949568,70.9601846508944,0.723600692440854,30836.0,8.304874764341502,23.0,"{""two_wheeler"": 51.092032009551396, ""bus"": 25.82062069185833, ""truck"": 79.05614898630596, ""auto_rickshaw"": 12.53426611401487, ""car"": 41.707743014732415}",2032,1172.533179457588,0,71.56336617469788
dynamic,maxpressure,5,primary,1750,1750,0,ok,,220.63595010970968,0.12607768577697695,0.0384175706691,551.5021223600276,18.586285714285715,67.0,27.239462857142815,20.666382267416406,72.16057142857143,0.736,32526.0,8.809859154929578,29.0,"{""auto_rickshaw"": 14.008510645302703, ""truck"": 90.64828418465473, ""car"": 43.27310719003243, ""two_wheeler"": 49.155065983516195, ""bus"": 23.55098210620357}",2146,1226.2857142857142,0,77.3391010761261
dynamic,maxpressure,4,primary,1794,1794,0,ok,,234.31272199340862,0.13060909810111962,0.032725240501872456,588.328827836474,18.79041248606466,72.0,27.277881828316612,16.757039106145125,72.13823857302118,0.7190635451505016,33710.0,9.150380021715527,25.0,"{""two_wheeler"": 52.77999114858241, ""car"": 39.728316539173015, ""bus"": 32.40914379001666, ""auto_rickshaw"": 12.651058731140543, ""truck"": 96.74421178449643}",2193,1222.408026755853,0,79.15769290924072
dynamic,ours_count,3,primary,1781,1781,0,ok,,223.17419801401508,0.12530836497137288,0.03323863962200279,558.4056280582545,18.17574396406513,64.0,26.448573834924183,17.762715398477734,71.3778775968557,0.7069062324536777,32371.0,8.71124865446717,28.0,"{""truck"": 88.34620125897027, ""car"": 38.08677541596889, ""bus"": 29.0039797678893, ""two_wheeler"": 53.879998450456846, ""auto_rickshaw"": 13.857243120729732}",2112,1185.8506457046603,0,73.77020192146301
dynamic,ours_count,5,primary,1750,1750,0,ok,,214.55150753196386,0.12260086144683649,0.03735813542023689,535.1020843815761,18.109714285714286,71.0,26.36680000000001,18.59084814821252,71.288,0.7114285714285714,31692.0,8.602605863192183,23.0,"{""auto_rickshaw"": 13.676299380751345, ""truck"": 85.30276708539171, ""car"": 44.035237933943215, ""two_wheeler"": 49.210816943252716, ""bus"": 22.32638618862499}",2036,1163.4285714285713,0,72.7593948841095
dynamic,ours_count,4,primary,1794,1794,0,ok,,233.01518337538488,0.12988583242775076,0.03254402002449484,584.5063210466845,18.827201783723524,73.0,27.34585841694533,18.149916201117158,72.21516164994426,0.7212931995540691,33776.0,9.128648648648648,24.0,"{""two_wheeler"": 52.73623269643651, ""car"": 40.87617028222837, ""bus"": 33.05266723756191, ""auto_rickshaw"": 12.541817138289186, ""truck"": 93.80829602086908}",2200,1226.3099219620958,0,75.90445899963379
dynamic,XtraFlow,1,primary,1728,1728,0,ok,,216.01692901312293,0.12500979688259428,0.03481617036233718,539.1356642732264,19.196180555555557,71.0,27.528159722222178,17.552792328148758,72.4386574074074,0.7262731481481481,33171.0,8.967558799675588,27.0,"{""bus"": 25.931190130553574, ""car"": 41.35015443457028, ""two_wheeler"": 52.82303403927702, ""auto_rickshaw"": 12.23674016674459, ""truck"": 83.67581024197735}",2067,1196.1805555555557,0,72.95314908027649
low_demand,fixed,1,primary,611,611,0,ok,,84.1363483530655,0.13770269779552455,0.03540049158626059,211.39531932633693,25.09165302782324,68.0,32.43116202945991,24.29334791938405,77.1571194762684,0.6939443535188216,15331.0,4.177384196185286,15.0,"{""bus"": 10.602994116416667, ""truck"": 36.12196058388808, ""two_wheeler"": 18.02017210147569, ""car"": 14.437529935989195, ""auto_rickshaw"": 4.953691615295948}",376,615.3846153846154,0,17.32286500930786
low_demand,fixed,2,primary,592,592,0,ok,,82.0031425606987,0.13851882189307213,0.03600260901817568,205.19804007872017,28.722972972972972,71.0,36.462635135135166,30.064363173376663,81.22972972972973,0.7483108108108109,17004.0,4.57219682710406,15.0,"{""car"": 15.085897045383788, ""truck"": 32.26167439606786, ""two_wheeler"": 18.62580768742162, ""bus"": 10.911664708941666, ""auto_rickshaw"": 5.118098722883784}",440,743.2432432432432,0,17.782008171081543
low_demand,fixed,4,primary,556,556,0,ok,,78.55869766171051,0.14129262169372395,0.04382877575413449,197.18027028345105,28.327338129496404,69.0,35.91064748201441,27.58011604552562,80.63848920863309,0.7571942446043165,15750.0,4.2315959161741,11.0,"{""two_wheeler"": 17.17608135026215, ""car"": 13.526784808236494, ""auto_rickshaw"": 4.911896537199998, ""bus"": 7.44474734829762, ""truck"": 35.4991876177143}",338,607.9136690647482,0,16.712122917175293
low_demand,fixed,3,primary,634,634,0,ok,,86.8080718016728,0.13692124889853755,0.04050206308107725,217.31842869409405,27.321766561514195,69.0,35.1779495268139,24.62142490551956,79.91167192429022,0.7634069400630915,17322.0,4.721177432542928,15.0,"{""car"": 15.041421772135143, ""two_wheeler"": 20.625342862671626, ""bus"": 8.813507918966664, ""truck"": 37.04957481025477, ""auto_rickshaw"": 5.278224437644592}",492,776.02523659306,0,18.652623176574707
low_demand,fixed,5,primary,621,621,0,ok,,78.99681096725034,0.1272090353739941,0.03901077084802495,196.22681377099286,26.648953301127214,68.0,34.06536231884057,23.45106172839512,78.88888888888889,0.7246376811594203,16549.0,4.50558126871767,15.0,"{""car"": 17.074725177236484, ""auto_rickshaw"": 5.45932832420811, ""two_wheeler"": 19.135233618958118, ""bus"": 7.482682837033334, ""truck"": 29.844841009814296}",442,711.7552334943639,0,18.094998121261597
low_demand,fixed_tuned,1,primary,611,611,0,ok,,85.39734738990136,0.1397665260063852,0.035931058774730254,214.78302738107888,24.76432078559738,61.0,32.536399345335525,27.551899692851443,77.2569558101473,0.7594108019639935,15131.0,4.106105834464043,14.0,"{""truck"": 36.47466795429524, ""two_wheeler"": 18.137109409971618, ""auto_rickshaw"": 4.627173514447298, ""car"": 14.547167734343242, ""bus"": 11.61122877684405}",396,648.1178396072013,0,17.631294012069702
low_demand,fixed_tuned,2,primary,592,592,0,ok,,77.91024944052138,0.1316051510819618,0.03420566775278634,194.983393054723,23.804054054054053,60.0,31.40293918918919,24.147517232295755,76.16722972972973,0.7516891891891891,14092.0,3.8251900108577632,14.0,"{""car"": 14.278621223943244, ""truck"": 30.75486440100119, ""two_wheeler"": 17.960701868671602, ""bus"": 10.341912070410716, ""auto_rickshaw"": 4.574149876494593}",374,631.7567567567568,0,16.856457948684692
low_demand,fixed_tuned,3,primary,634,634,0,ok,,84.99988348971245,0.1340692168607452,0.0396584162225132,212.63634737077385,25.209779179810724,59.0,33.06774447949526,25.57122194746422,77.79968454258675,0.7886435331230284,15983.0,4.338490770901195,13.0,"{""car"": 15.11128192768649, ""two_wheeler"": 20.227163578571638, ""bus"": 9.006439010779763, ""truck"": 35.472886715438115, ""auto_rickshaw"": 5.182112257236485}",442,697.160883280757,0,18.330640077590942
low_demand,fixed_tuned,4,primary,556,556,0,ok,,74.42984954451919,0.13386663587143738,0.041525245226801684,186.779289495829,22.985611510791365,59.0,30.388723021582756,23.542401249721063,75.14028776978417,0.7338129496402878,12780.0,3.466232709519935,10.0,"{""two_wheeler"": 16.16669853768108, ""car"": 13.023202969428379, ""auto_rickshaw"": 4.655695861941891, ""bus"": 7.149859909490477, ""truck"": 33.43439226597739}",286,514.3884892086331,0,15.781351089477539
low_demand,fixed_tuned,5,primary,621,621,0,ok,,78.42072828110119,0.12628136599211143,0.03872628557091426,194.72426378457297,25.943639291465377,61.0,33.604476650563576,25.491012345679064,78.42512077294685,0.7697262479871175,16111.0,4.370862723819859,15.0,"{""car"": 16.94445380194595, ""auto_rickshaw"": 5.252773506705407, ""two_wheeler"": 19.34141310100812, ""bus"": 8.169393757396428, ""truck"": 28.71269411404524}",416,669.8872785829308,0,18.009315967559814
low_demand,webster,1,primary,611,611,0,ok,,83.84632767250604,0.13722803219722757,0.035278464960872676,210.82849535965116,22.95417348608838,57.0,30.794157119476242,22.08962006142975,75.52700490998363,0.7757774140752864,14025.0,3.8049376017362997,13.0,"{""two_wheeler"": 18.078480151052716, ""auto_rickshaw"": 4.794979177124324, ""car"": 13.932119173863512, ""truck"": 36.157720585825, ""bus"": 10.883028584640476}",408,667.7577741407529,0,17.10294485092163
low_demand,webster,2,primary,592,592,0,ok,,78.13200224518755,0.13197973352227627,0.034303025967066594,195.465673226201,23.697635135135137,58.0,31.507516891891882,25.97370154102824,76.28716216216216,0.7736486486486487,14029.0,3.781401617250674,14.0,"{""car"": 14.236350648441896, ""truck"": 30.37996361985238, ""two_wheeler"": 17.822223532460807, ""bus"": 10.637088495009523, ""auto_rickshaw"": 5.056375949422974}",378,638.5135135135135,0,17.134242057800293
low_demand,webster,3,primary,634,634,0,ok,,83.55973111120153,0.13179768314069643,0.0389864839785385,208.84288891708096,24.30441640378549,58.0,32.12055205047317,20.647552839079935,76.8627760252366,0.7870662460567823,15409.0,4.198637602179836,14.0,"{""car"": 14.694147986440544, ""two_wheeler"": 20.442254797704038, ""bus"": 8.012757597252383, ""truck"": 35.13561436333692, ""auto_rickshaw"": 5.274956366467569}",446,703.4700315457413,0,18.03972101211548
dynamic,XtraFlow,2,primary,1733,1733,0,ok,,209.01645027157616,0.12060960777355809,0.03370091586262306,520.3504090474487,18.426428159261395,71.0,26.743266012694736,17.146724496541353,71.66820542412002,0.727062896710906,31933.0,8.639880952380953,25.0,"{""two_wheeler"": 52.216353020727, ""bus"": 25.8425425054726, ""truck"": 76.49706974400596, ""auto_rickshaw"": 12.609110552966222, ""car"": 41.851374448404}",2072,1195.6145412579342,0,73.03816175460815
low_demand,webster,4,primary,556,556,0,ok,,74.9643998204871,0.13482805723109192,0.041823476802324955,188.01078393712308,23.805755395683452,57.0,31.327050359712242,21.720319125195306,76.07553956834532,0.7482014388489209,13236.0,3.606539509536785,11.0,"{""two_wheeler"": 16.537923652941895, ""auto_rickshaw"": 4.681818123883781, ""car"": 13.203987607225674, ""bus"": 6.679324968328571, ""truck"": 33.861345468107146}",296,532.3741007194244,0,15.903427124023438
dynamic,XtraFlow,3,primary,1781,1781,0,ok,,224.4183758668593,0.12600694883035335,0.03342394231220791,560.9491423865524,18.900617630544637,70.0,27.33061763054465,18.5003499992552,72.25659741718135,0.7136440202133633,33662.0,9.092922744462452,28.0,"{""truck"": 87.66134216074641, ""car"": 39.69050494086485, ""bus"": 28.69611378151667, ""two_wheeler"": 53.93956197107565, ""auto_rickshaw"": 14.430853012655403}",2204,1237.5070185289164,0,76.04064512252808
dynamic,XtraFlow,5,primary,1750,1750,0,ok,,215.70170404991376,0.12325811659995072,0.03755840992667938,537.7796986596607,19.022285714285715,73.0,27.288034285714254,19.425153662655926,72.20914285714285,0.7074285714285714,33289.0,8.997027027027027,29.0,"{""truck"": 84.86858832578098, ""car"": 43.885349171590484, ""two_wheeler"": 49.92809469582707, ""auto_rickshaw"": 14.210981364606761, ""bus"": 22.80869049210834}",2054,1173.7142857142858,0,74.56962585449219
dynamic,XtraFlow,4,primary,1794,1794,0,ok,,232.10846050495027,0.12938041276753082,0.03241738275208777,582.0507084749897,18.504459308807135,68.0,27.138010033444885,17.461284916201,72.0066889632107,0.7313266443701226,33197.0,9.018473240967129,27.0,"{""two_wheeler"": 53.345566245206726, ""car"": 40.5020467244446, ""bus"": 32.61031351710596, ""auto_rickshaw"": 12.422089303628379, ""truck"": 93.22844471456435}",2299,1281.4938684503902,0,76.19517397880554
low_demand,webster,5,primary,621,621,0,ok,,78.77723060010028,0.12685544380048355,0.03890233609881504,195.7247806992789,25.446054750402578,58.0,33.4280032206119,26.74997530864204,78.24959742351047,0.8083735909822867,15802.0,4.305722070844687,14.0,"{""car"": 16.220812974454052, ""auto_rickshaw"": 5.614935918209459, ""two_wheeler"": 19.55817244891893, ""bus"": 8.333701618285714, ""truck"": 29.049607640232146}",442,711.7552334943639,0,17.787847995758057
low_demand,actuated,1,primary,611,611,0,ok,,85.6746341638316,0.14022035051363602,0.03604772759028554,215.49971060683993,24.782324058919805,57.0,32.8114566284779,26.960785963731226,77.54173486088379,0.7839607201309329,15142.0,4.115792334873607,16.0,"{""two_wheeler"": 18.40703590947568, ""auto_rickshaw"": 4.814352505897297, ""car"": 14.163057178252707, ""truck"": 36.81833857172857, ""bus"": 11.471849998477383}",465,761.0474631751227,0,17.30368709564209
low_demand,actuated,2,primary,592,592,0,ok,,75.00145370262841,0.1266916447679534,0.03292859187014464,187.23370745462515,22.22635135135135,56.0,29.67224662162161,19.494753479387104,74.45270270270271,0.7246621621621622,13158.0,3.5639219934994584,12.0,"{""car"": 13.868687678827026, ""truck"": 28.64367819779882, ""two_wheeler"": 17.8325924389527, ""bus"": 9.563878168430952, ""auto_rickshaw"": 5.092617218618919}",364,614.8648648648649,0,16.198657989501953
low_demand,actuated,3,primary,634,634,0,ok,,83.20229575621453,0.13123390497825635,0.03881971527840927,208.14745094353114,23.58359621451104,57.0,31.394574132492124,22.07894368497179,76.10567823343848,0.7744479495268138,14952.0,4.049837486457204,14.0,"{""car"": 14.730439955522971, ""two_wheeler"": 20.223683408954038, ""bus"": 8.932173900009523, ""truck"": 34.63645392670237, ""auto_rickshaw"": 4.679544565025675}",428,675.0788643533123,0,17.726613998413086
low_demand,actuated,4,primary,556,556,0,ok,,73.05453501831694,0.13139304859409523,0.040757941875874296,183.00858076768205,22.47482014388489,56.0,29.97350719424461,21.613925463066344,74.69244604316546,0.7482014388489209,12496.0,3.3691021838770556,11.0,"{""two_wheeler"": 16.59656767043378, ""car"": 12.79270014670811, ""auto_rickshaw"": 4.74574391548108, ""bus"": 6.909122196292857, ""truck"": 32.0104010894012}",326,586.3309352517986,0,15.59677267074585
low_demand,actuated,5,primary,621,621,0,ok,,78.17117363819511,0.12587950666376024,0.0386030487102199,194.84202759971612,22.806763285024154,56.0,30.58586151368761,21.0531358024692,75.40418679549114,0.7536231884057971,14163.0,3.8330175913396483,13.0,"{""car"": 15.429558440289197, ""auto_rickshaw"": 5.105966738118919, ""two_wheeler"": 18.786530786131095, ""bus"": 7.652759746597619, ""truck"": 31.196357927058333}",402,647.3429951690821,0,17.296141147613525
low_demand,queue_pressure,2,primary,592,592,0,ok,,71.2062613428479,0.12028084686291875,0.031262352962570995,178.05393049583898,16.44087837837838,61.0,23.43432432432432,12.50849541203847,68.19763513513513,0.6875,9733.0,2.6305405405405407,10.0,"{""car"": 13.179463003539194, ""truck"": 28.03559582091071, ""two_wheeler"": 16.538035489258114, ""bus"": 9.08232986775476, ""auto_rickshaw"": 4.370837161385137}",216,364.86486486486484,0,25.510775089263916
low_demand,queue_pressure,1,primary,611,611,0,ok,,77.32494971779943,0.12655474585564555,0.03253458565144926,194.51927805546077,16.101472995090017,69.0,23.28931260229132,17.445828249253164,68.00818330605564,0.6710310965630114,9838.0,2.679193899782135,12.0,"{""bus"": 10.693273259815475, ""car"": 12.728125688998652, ""two_wheeler"": 16.693170781054064, ""auto_rickshaw"": 4.238971793941892, ""truck"": 32.97140819398928}",254,415.71194762684127,0,26.312201023101807
low_demand,queue_pressure,4,primary,556,556,0,ok,,67.75271269489087,0.12185739693325696,0.037799995924398026,170.23259646666074,14.471223021582734,56.0,21.160143884892083,10.675295692925708,65.90647482014388,0.6438848920863309,8046.0,2.188792165397171,8.0,"{""car"": 11.595439182022975, ""two_wheeler"": 14.861886398132429, ""auto_rickshaw"": 3.7645038808378386, ""bus"": 6.170385632033335, ""truck"": 31.36049760186428}",180,323.7410071942446,0,23.37403917312622
low_demand,queue_pressure,3,primary,634,634,0,ok,,74.30290979579145,0.11719701860534928,0.03466752661586874,185.67057138235424,15.176656151419559,50.0,22.23446372239749,12.803293985909573,66.9826498422713,0.6876971608832808,9622.0,2.634720700985761,11.0,"{""two_wheeler"": 18.800766890494593, ""car"": 13.119479299990545, ""bus"": 7.827514117221428, ""truck"": 30.46984379754167, ""auto_rickshaw"": 4.085305690543243}",310,488.9589905362776,0,26.42948317527771
low_demand,queue_pressure,5,primary,621,621,0,ok,,68.86323251387303,0.1108908736133221,0.03400653457475219,171.4515920622058,13.953301127214171,52.0,20.718164251207774,14.18844444444448,65.53623188405797,0.642512077294686,8665.0,2.3707250341997264,10.0,"{""car"": 13.729012889955415, ""auto_rickshaw"": 4.334268890351352, ""bus"": 7.346759337705953, ""two_wheeler"": 17.091588100736498, ""truck"": 26.361603295123814}",230,370.3703703703704,0,25.167428731918335
low_demand,maxpressure,2,primary,592,592,0,ok,,71.2062613428479,0.12028084686291875,0.031262352962570995,178.05393049583898,16.44087837837838,61.0,23.43432432432432,12.50849541203847,68.19763513513513,0.6875,9733.0,2.6305405405405407,10.0,"{""car"": 13.179463003539194, ""truck"": 28.03559582091071, ""two_wheeler"": 16.538035489258114, ""bus"": 9.08232986775476, ""auto_rickshaw"": 4.370837161385137}",216,364.86486486486484,0,28.741745233535767
low_demand,maxpressure,1,primary,611,611,0,ok,,77.32494971779943,0.12655474585564555,0.03253458565144926,194.51927805546077,16.101472995090017,69.0,23.28931260229132,17.445828249253164,68.00818330605564,0.6710310965630114,9838.0,2.679193899782135,12.0,"{""bus"": 10.693273259815475, ""car"": 12.728125688998652, ""two_wheeler"": 16.693170781054064, ""auto_rickshaw"": 4.238971793941892, ""truck"": 32.97140819398928}",254,415.71194762684127,0,29.400459051132202
low_demand,maxpressure,3,primary,634,634,0,ok,,74.30290979579145,0.11719701860534928,0.03466752661586874,185.67057138235424,15.176656151419559,50.0,22.23446372239749,12.803293985909573,66.9826498422713,0.6876971608832808,9622.0,2.634720700985761,11.0,"{""two_wheeler"": 18.800766890494593, ""car"": 13.119479299990545, ""bus"": 7.827514117221428, ""truck"": 30.46984379754167, ""auto_rickshaw"": 4.085305690543243}",310,488.9589905362776,0,29.68972110748291
low_demand,maxpressure,4,primary,556,556,0,ok,,67.75271269489087,0.12185739693325696,0.037799995924398026,170.23259646666074,14.471223021582734,56.0,21.160143884892083,10.675295692925708,65.90647482014388,0.6438848920863309,8046.0,2.188792165397171,8.0,"{""car"": 11.595439182022975, ""two_wheeler"": 14.861886398132429, ""auto_rickshaw"": 3.7645038808378386, ""bus"": 6.170385632033335, ""truck"": 31.36049760186428}",180,323.7410071942446,0,26.34578585624695
low_demand,ours_count,2,primary,592,592,0,ok,,71.2062613428479,0.12028084686291875,0.031262352962570995,178.05393049583898,16.44087837837838,61.0,23.43432432432432,12.50849541203847,68.19763513513513,0.6875,9733.0,2.6305405405405407,10.0,"{""car"": 13.179463003539194, ""truck"": 28.03559582091071, ""two_wheeler"": 16.538035489258114, ""bus"": 9.08232986775476, ""auto_rickshaw"": 4.370837161385137}",216,364.86486486486484,0,25.297236919403076
low_demand,ours_count,1,primary,611,611,0,ok,,77.56756023028413,0.12695181707084147,0.03263666437930078,195.15671707232886,16.350245499181668,70.0,23.512684124386237,18.003029410527212,68.23731587561375,0.67430441898527,9990.0,2.7205882352941178,12.0,"{""bus"": 10.665487073267858, ""car"": 12.776415977291895, ""two_wheeler"": 16.72375943492298, ""auto_rickshaw"": 4.191309717941892, ""truck"": 33.210588026859526}",254,415.71194762684127,0,26.16015601158142
low_demand,maxpressure,5,primary,621,621,0,ok,,68.86323251387303,0.1108908736133221,0.03400653457475219,171.4515920622058,13.953301127214171,52.0,20.718164251207774,14.18844444444448,65.53623188405797,0.642512077294686,8665.0,2.3707250341997264,10.0,"{""car"": 13.729012889955415, ""auto_rickshaw"": 4.334268890351352, ""bus"": 7.346759337705953, ""two_wheeler"": 17.091588100736498, ""truck"": 26.361603295123814}",230,370.3703703703704,0,28.634879112243652
low_demand,ours_count,3,primary,634,634,0,ok,,74.30290979579145,0.11719701860534928,0.03466752661586874,185.67057138235424,15.176656151419559,50.0,22.23446372239749,12.803293985909573,66.9826498422713,0.6876971608832808,9622.0,2.634720700985761,11.0,"{""two_wheeler"": 18.800766890494593, ""car"": 13.119479299990545, ""bus"": 7.827514117221428, ""truck"": 30.46984379754167, ""auto_rickshaw"": 4.085305690543243}",310,488.9589905362776,0,26.441501140594482
low_demand,ours_count,4,primary,556,556,0,ok,,67.95895675101174,0.12222833948023694,0.03791506178922779,170.70593672527522,14.838129496402878,59.0,21.62985611510795,11.322305288998013,66.35971223021583,0.6492805755395683,8250.0,2.2442872687704027,9.0,"{""car"": 11.647445067148649, ""two_wheeler"": 15.019511578344598, ""auto_rickshaw"": 3.7701903462554047, ""bus"": 6.304946287511905, ""truck"": 31.21686347175119}",176,316.54676258992805,0,23.489585161209106
low_demand,ours_count,5,primary,621,621,0,ok,,68.86323251387303,0.1108908736133221,0.03400653457475219,171.4515920622058,13.953301127214171,52.0,20.718164251207774,14.18844444444448,65.53623188405797,0.642512077294686,8665.0,2.3707250341997264,10.0,"{""car"": 13.729012889955415, ""auto_rickshaw"": 4.334268890351352, ""bus"": 7.346759337705953, ""two_wheeler"": 17.091588100736498, ""truck"": 26.361603295123814}",230,370.3703703703704,0,25.18321704864502
low_demand,XtraFlow,1,primary,611,611,0,ok,,74.54324751176028,0.12200204175410849,0.031364180381099976,186.76354854535012,16.79378068739771,61.0,23.71253682487728,13.602894770059324,68.45990180032733,0.6775777414075287,10261.0,2.798200163621489,12.0,"{""bus"": 9.467660286032142, ""truck"": 30.430545943141663, ""two_wheeler"": 17.585300242094586, ""car"": 12.467795364677018, ""auto_rickshaw"": 4.5919456758148645}",250,409.16530278232403,0,25.031254053115845
low_demand,XtraFlow,4,primary,556,556,0,ok,,65.95503314140905,0.11862416032627526,0.036797050402482254,165.132881691722,15.372302158273381,59.0,22.08489208633093,14.896563267127899,66.81834532374101,0.6276978417266187,8547.0,2.3056379821958455,8.0,"{""car"": 11.345166425432431, ""two_wheeler"": 15.711210648983783, ""auto_rickshaw"": 4.001999572959459, ""bus"": 6.612349005275, ""truck"": 28.28430748875833}",174,312.9496402877698,0,20.937304973602295
low_demand,XtraFlow,2,primary,592,592,0,ok,,69.30273404047726,0.1170654291224278,0.030426629512436798,172.90379455638896,16.19256756756757,59.0,23.1660135135135,12.336699301927395,67.93412162162163,0.6790540540540541,9586.0,2.5922120064899947,11.0,"{""car"": 12.6946510279446, ""truck"": 25.982092946014284, ""two_wheeler"": 17.121743921252705, ""bus"": 9.039826992573811, ""auto_rickshaw"": 4.464419152691893}",244,412.1621621621622,0,22.28733801841736
low_demand,XtraFlow,3,primary,634,634,0,ok,,74.75777211577062,0.11791446705957512,0.03487975183864631,186.47306687995996,16.853312302839118,60.0,23.93511041009465,16.455745812532093,68.67350157728707,0.6876971608832808,10685.0,2.922592997811816,14.0,"{""two_wheeler"": 19.379882212160805, ""car"": 13.146678460601358, ""bus"": 8.340536564279764, ""truck"": 29.256847617457154, ""auto_rickshaw"": 4.6338272612716205}",278,438.48580441640377,0,22.749857187271118
low_demand,XtraFlow,5,primary,621,621,0,ok,,67.99704864406684,0.10949605256693533,0.033578789453860246,168.68580749490914,15.634460547504025,58.0,22.341014492753615,12.471555555555584,67.14814814814815,0.644122383252818,9709.0,2.654908394859174,11.0,"{""car"": 14.017852871697293, ""auto_rickshaw"": 4.353920694091892, ""bus"": 6.929888194213097, ""two_wheeler"": 18.090760369702707, ""truck"": 24.60462651436191}",224,360.7085346215781,0,20.628238916397095
